-- phpMyAdmin SQL Dump
-- version 4.0.4
-- http://www.phpmyadmin.net
--
-- Client: localhost
-- Généré le: Lun 22 Septembre 2014 à 08:05
-- Version du serveur: 5.6.12-log
-- Version de PHP: 5.4.12

SET SQL_MODE = "NO_AUTO_VALUE_ON_ZERO";
SET time_zone = "+00:00";


/*!40101 SET @OLD_CHARACTER_SET_CLIENT=@@CHARACTER_SET_CLIENT */;
/*!40101 SET @OLD_CHARACTER_SET_RESULTS=@@CHARACTER_SET_RESULTS */;
/*!40101 SET @OLD_COLLATION_CONNECTION=@@COLLATION_CONNECTION */;
/*!40101 SET NAMES utf8 */;
selvanayagam_tp7
--
-- Base de données: `dvd`
--
CREATE DATABASE IF NOT EXISTS `Discographie` DEFAULT CHARACTER SET latin1 COLLATE latin1_swedish_ci;
USE `Discographie`;
-- --------------------------------------------------------

--
-- Structure de la table `album`
--

CREATE TABLE IF NOT EXISTS `album` (
  `id` int(11) NOT NULL AUTO_INCREMENT,
  `nom` char(200) NOT NULL DEFAULT '',
  `annee` int(11) DEFAULT NULL,
  `genre` int(11) DEFAULT NULL,
  `alb_art` int(11) NOT NULL DEFAULT '0',
  PRIMARY KEY (`id`),
  KEY `alb_art` (`alb_art`)
) ENGINE=InnoDB  DEFAULT CHARSET=utf8 AUTO_INCREMENT=276 ;

--
-- Contenu de la table `album`
--

INSERT INTO `album` (`id`, `nom`, `annee`, `genre`, `alb_art`) VALUES
(1, 'Mer De Noms', 2000, 1, 1),
(2, 'Thirteenth Step', 2003, 1, 1),
(3, 'Emotive', 2004, 1, 1),
(4, 'Ballbreaker', 1995, 2, 2),
(5, 'Under Rug Swept (Advance)', 2002, 3, 3),
(6, 'The Cheap Show', 2005, 4, 4),
(7, 'Armed & Dangerous', 1984, 5, 5),
(8, 'Fistful Of Metal', 1984, 5, 5),
(9, 'Spreading the Disease', 1985, 5, 5),
(10, 'Among the Living', 1987, 5, 5),
(11, 'I''m the Man', 1987, 5, 5),
(12, 'State Of Euphoria', 1988, 5, 5),
(13, 'Persistence of Time', 1990, 5, 5),
(14, 'Penikufesin', 1993, 5, 5),
(15, 'Sound Of White Noise', 1993, 5, 5),
(16, 'Stomp 442', 1995, 5, 5),
(17, 'Volume 8 - The Threat Is Real', 1998, 5, 5),
(18, 'Return Of The Killer A''s', 1999, 5, 5),
(19, 'Black Earth', 1996, 5, 6),
(20, 'Stigmata', 1998, 5, 6),
(21, 'Burning Bridges', 1999, 5, 6),
(22, 'Burning Japan Live 1999', 1999, 5, 6),
(23, 'Wages Of Sin', 2001, 5, 6),
(24, 'Rare And Unreleased Songs', 2002, 5, 6),
(25, 'Rise Of The Tyrant', 2007, 5, 6),
(26, 'The Best Damn Thing', 2007, 6, 7),
(27, 'The ultimate collection', 2001, 7, 8),
(28, 'Bénabar', 2001, 4, 9),
(29, 'Les risques du métier', 2003, 4, 9),
(30, 'Live 21 novembre au 116 bar', 2004, 4, 9),
(31, 'Live au Grand Rex (CD1)', 2004, 4, 9),
(32, 'Live au Grand Rex (CD2)', 2004, 4, 9),
(33, 'Reprise des négociations', 2005, 4, 9),
(34, 'La p''tite monnaie', 1997, 4, 10),
(35, 'Stronger Than Death', 2000, 5, 11),
(36, 'Alcohol Fueled Brewtality', 2001, 5, 11),
(37, 'Sonic Brew', 2001, 5, 11),
(38, '1919 Eternal (Advance)', 2002, 5, 11),
(39, 'Shot To Hell', 2006, 5, 11),
(40, 'Black Stone Cherry', 2006, 6, 12),
(41, 'Bringing It All Back Home', 1965, 6, 13),
(42, 'Dylan', 1973, 6, 13),
(43, 'Desire', 1976, 6, 13),
(44, 'Empire Burlesque', 1985, 6, 13),
(45, 'Dylan & The Dead', 1989, 6, 13),
(46, 'Menteur', 2005, 4, 14),
(47, 'Le Bordel Magnifique', 2006, 4, 14),
(49, 'Eye for an Eye', 1983, 5, 16),
(50, 'Animosity', 1985, 8, 16),
(51, 'Technocracy', 1987, 5, 16),
(52, 'Blind', 1992, 5, 16),
(53, 'Deliverance', 1994, 5, 16),
(54, 'Wiseblood', 1996, 5, 16),
(55, 'Americas Volume Dealer', 1998, 5, 16),
(56, 'Live Volume', 2001, 5, 16),
(57, 'In the Arms of God', 2005, 5, 16),
(58, 'The Ultra-Violence', 1987, 9, 17),
(59, 'Frolic Through The Park', 1988, 9, 17),
(60, 'Act III', 1990, 5, 17),
(61, 'Fall From Grace', 2001, 5, 17),
(62, 'Adrenaline', 1995, 5, 18),
(63, 'Back To School (mini maggit)', 2001, 5, 18),
(64, 'B-Sides & Rarities', 2005, 5, 18),
(65, 'No Angel', 1999, 3, 19),
(66, 'Communiqué', 1979, 6, 20),
(67, 'Making Movies', 1980, 6, 20),
(68, 'Love Over Gold', 1982, 6, 20),
(69, 'Brothers In Arms', 1985, 6, 20),
(70, 'Money For Nothing', 1988, 6, 20),
(71, 'On Every Street', 1991, 6, 20),
(72, 'Frenchy', 2003, 6, 21),
(73, 'The Flower Book', 2006, 10, 22),
(74, 'Végétal', 2006, 10, 22),
(75, 'G3- Live In Concert', 1997, 6, 23),
(76, 'Fallen', 2002, 6, 24),
(77, 'The Open Door', 2006, 6, 24),
(78, 'Power of Inner Strength', 1995, 5, 25),
(79, 'Nemesis', 1997, 5, 25),
(80, 'Solidify', 1999, 5, 25),
(81, 'Incorporated', 2004, 5, 25),
(82, 'Back to Bedlam', 2004, 3, 26),
(83, 'Sheffield Steel', 1982, 6, 27),
(84, 'Civilized Man', 1984, 6, 27),
(85, 'Cocker', 1986, 6, 27),
(86, 'Unchain My Heart', 1987, 6, 27),
(87, 'One Night of Sin', 1989, 6, 27),
(88, 'The Very Best Of', 1989, 6, 27),
(89, 'Organic', 1996, 6, 27),
(90, 'No Ordinary World', 1999, 6, 27),
(91, 'The Ultimate Collection 1968-2003 (CD1)', 2003, 6, 27),
(92, 'The Ultimate Collection 1968-2003 (CD2)', 2003, 6, 27),
(93, 'Heart & Soul', 2004, 6, 27),
(94, 'Avo Sessions - Basel - 14 November 2007', 2007, 6, 27),
(95, 'Classic Cocker', 2007, 6, 27),
(96, 'Hymn for My Soul', 2007, 6, 27),
(97, 'Keren Ann', 2007, 11, 28),
(98, 'Travelin''Blues', 1998, 12, 29),
(99, 'Minutes To Midnight', 2007, 6, 30),
(100, 'A plus tard crocodile', 2005, 6, 31),
(101, 'Je Dis Aime', 1999, 6, 32),
(102, 'Qui de nous deux', 2003, 3, 32),
(103, 'Burn My Eyes', 1994, 5, 33),
(104, 'The More Things Change', 1997, 5, 33),
(105, 'The Burning Red', 1999, 5, 33),
(106, 'Supercharger', 2001, 5, 33),
(107, 'Hellalive', 2003, 5, 33),
(108, 'Through the Ashes of Empires', 2004, 5, 33),
(109, 'The Blackening', 2007, 5, 33),
(110, 'Légende (deuxième époque)', 1989, 13, 34),
(111, 'Le bien-être et la paix', 1997, 5, 35),
(112, 'Contraddiction', 1999, 6, 35),
(113, 'Killing Is My Business... and Business Is Good!', 1985, 5, 36),
(114, 'Peace Sells... But Who''s Buying?', 1986, 5, 36),
(115, 'So Far, So Good... So What!', 1987, 5, 36),
(116, 'Rust In Peace', 1990, 5, 36),
(117, 'Countdown To Extinction', 1992, 5, 36),
(118, 'Youthanasia', 1994, 5, 36),
(119, 'Hidden Treasures', 1995, 5, 36),
(120, 'Cryptic Writings', 1997, 5, 36),
(121, 'Risk', 1999, 5, 36),
(122, 'The World Needs a Hero', 2001, 5, 36),
(123, 'The System Has Failed', 2004, 5, 36),
(124, 'United Abominations', 2007, 5, 36),
(125, 'Sucking My Love', 1982, 5, 37),
(126, 'Kill ''Em All', 1983, 5, 37),
(127, 'Ride The Lightning', 1984, 5, 37),
(128, 'Master of Puppets', 1986, 5, 37),
(129, '...And Justice For All', 1988, 5, 37),
(130, 'Prowling Osaka', 1989, 5, 37),
(131, 'Black Album', 1991, 5, 37),
(132, 'Live Shit: Binge & Purge in Mexico City (CD1)', 1993, 5, 37),
(133, 'Live Shit: Binge & Purge in Mexico City (CD2)', 1993, 5, 37),
(134, 'Live Shit: Binge & Purge in Mexico City (CD3)', 1993, 5, 37),
(135, 'Load', 1996, 5, 37),
(136, 'Reload', 1997, 5, 37),
(137, 'Garage Inc. (CD1)', 1998, 5, 37),
(138, 'Garage Inc. (CD2)', 1998, 5, 37),
(139, 'Live in Detroit', 1998, 5, 37),
(140, 'S&M (CD1)', 1999, 5, 37),
(141, 'S&M (CD2)', 1999, 5, 37),
(142, 'St. Anger', 2003, 5, 37),
(143, 'St. Anger DVD', 2003, 5, 37),
(144, '2004/10/15 Quebec City, QC', 2004, 5, 37),
(145, 'Mistigri Torture', 1996, 4, 38),
(146, 'La Trêve', 1999, 4, 38),
(147, 'Tu vas pas mourir de rire', 2003, 4, 38),
(148, 'Matador', 2005, 4, 38),
(149, 'Life In Cartoon Motion', 2007, 3, 39),
(150, 'Cure For Pain', 1993, 14, 40),
(151, 'Yes', 1995, 6, 40),
(152, 'Like Swimming', 1997, 15, 40),
(153, 'Bomber', 1979, 5, 41),
(154, 'Ace Of Spades', 1980, 5, 41),
(155, 'Another Perfect Day', 1983, 5, 41),
(156, 'Sacrifice', 1995, 5, 41),
(157, 'We are Motörhead', 2000, 5, 41),
(158, 'In Memory', 1996, 5, 42),
(159, 'Dead Heart In A Dead World', 2000, 5, 42),
(160, 'J''aime Pas l''Amour', 2003, 4, 43),
(161, 'La femme chocolat', 2005, 4, 43),
(162, 'Metal Magic', 1983, 5, 44),
(163, 'Projects In The Jungle', 1984, 5, 44),
(164, 'I Am The Night', 1985, 5, 44),
(165, 'Power Metal', 1988, 5, 44),
(166, 'Cowboys From Hell', 1990, 5, 44),
(167, 'Vulgar Display Of Power', 1992, 5, 44),
(168, 'A Whiplash of Pure Power', 1993, 5, 44),
(169, 'Far Beyond Driven', 1994, 5, 44),
(170, 'The Great Southern Trendkill', 1996, 5, 44),
(171, 'Official Live: 101 Proof', 1997, 5, 44),
(172, 'Reinventing The Steel', 2000, 5, 44),
(173, 'These Streets', 2006, 3, 45),
(174, 'Sleeping With Ghosts', 2003, 6, 46),
(175, 'Burning the Process', 2001, 5, 47),
(176, 'Beg to Differ', 1990, 5, 48),
(177, 'Prove You Wrong', 1991, 5, 48),
(178, 'Cleansing', 1994, 5, 48),
(179, 'Rude Awakening', 1996, 5, 48),
(180, 'Power Of The Damager', 2007, 5, 48),
(181, 'A Day At The Races', 1976, 6, 49),
(182, 'The Ultimate Rarities Collection', 1994, 6, 49),
(183, 'Queen Rocks', 1997, 6, 49),
(184, 'Up All Night', 2005, 6, 50),
(185, 'Red Hot Chili Peppers', 1984, 6, 51),
(186, 'Freaky Styley', 1985, 6, 51),
(187, 'The Abbey Road E.P.', 1988, 6, 51),
(188, 'Mother''s Milk', 1989, 6, 51),
(189, 'Blood Sugar Sex Magik', 1991, 6, 51),
(190, 'What Hits!?', 1992, 6, 51),
(191, 'Out In LA', 1994, 6, 51),
(192, 'One Hot Minute', 1995, 6, 51),
(193, 'Essential Red Hot Chili Peppers: Under The Covers', 1998, 6, 51),
(194, 'Californication', 1999, 6, 51),
(195, 'By The Way', 2002, 6, 51),
(196, 'Greatest Hits', 2003, 6, 51),
(197, 'Live At Slane Castle (Audio DVD)', 2003, 6, 51),
(198, 'Uplift Mofo Party Plan', 2003, 6, 51),
(199, 'Live In Hyde Park (CD1)', 2004, 6, 51),
(200, 'Live In Hyde Park (CD2)', 2004, 6, 51),
(201, 'Stadium Arcadium', 2006, 6, 51),
(202, 'Smile...It Confuses People', 2006, 3, 52),
(203, 'Exactement', 2006, 16, 53),
(204, 'Home', 1999, 5, 54),
(205, 'Seasons', 2003, 5, 54),
(206, 'Next', 2005, 5, 54),
(207, 'Alpha', 2007, 5, 54),
(208, 'Live', 1998, 17, 55),
(209, 'UP ! (Red Disc)', 2002, 17, 55),
(210, 'Rockin The Country', 2003, 6, 55),
(211, 'Slave To The Grind', 1991, 5, 56),
(212, 'Subhuman Race', 1995, 5, 56),
(213, 'Live Undead', 1984, 5, 57),
(214, 'Decade of Aggression (CD1)', 1991, 5, 57),
(215, 'Decade of Aggression (CD2)', 1991, 5, 57),
(216, 'Divine Intervention', 1994, 5, 57),
(217, 'Undisputed Attitude', 1996, 5, 57),
(218, 'Christ Illusion', 2006, 9, 57),
(219, 'Slipknot', 1999, 5, 58),
(220, 'Iowa', 2001, 5, 58),
(221, 'Vol. 3 : (The Subliminal Verses)', 2004, 5, 58),
(222, '9.0 Live (CD1)', 2005, 5, 58),
(223, '9.0 Live (CD2)', 2005, 5, 58),
(224, 'Demo CD', 1994, 5, 59),
(225, 'Stone Sour (Rerelease)', 2003, 5, 59),
(226, 'Come What(ever) May', 2006, 6, 59),
(227, 'Suicidal Tendencies', 1983, 5, 60),
(228, 'Join The Army', 1987, 5, 60),
(229, 'How Will I Laugh Tomorrow When I Can''t Evan Smile Today', 1988, 5, 60),
(230, 'Controlled by Hatred/Feel Like Shit', 1989, 5, 60),
(231, 'Lights Camera Revolution', 1990, 5, 60),
(232, 'FNG', 1992, 5, 60),
(233, 'Still Cyco After All These Years', 1993, 5, 60),
(234, 'Suicidal For Life', 1994, 5, 60),
(235, 'Freedumb', 1999, 5, 60),
(236, 'Free Your Soul & Save My Mind', 2000, 5, 60),
(237, 'Live At Dynamo Open Air', 2000, 5, 60),
(238, 'Wow', 2006, 3, 61),
(239, 'System Of A Down', 1998, 5, 62),
(240, 'Toxicity', 2001, 5, 62),
(241, 'Steal This Album!', 2002, 5, 62),
(242, 'Hypnotize', 2005, 5, 62),
(243, 'Mezmerize', 2005, 5, 62),
(244, 'Lonely Day (CDM)', 2006, 5, 62),
(245, 'Forgiven, Not Forgotten', 1995, 3, 63),
(246, 'Talk On Corners', 1998, 3, 63),
(247, 'Unplugged', 1999, 3, 63),
(248, 'In Blue', 2000, 3, 63),
(249, 'Radio 2 Live', 2001, 3, 63),
(250, 'Live In Dublin', 2002, 3, 63),
(251, 'Borrowed Heaven', 2004, 3, 63),
(252, 'Red Roses For Me', 1984, 6, 64),
(253, 'If I Should Fall From Grace With God', 1988, 6, 64),
(254, 'Hell''s Ditch', 1990, 6, 64),
(255, 'Room On Fire', 2003, 6, 65),
(256, 'Get Behind Me Satan', 2005, 14, 66),
(257, 'Icky Thump', 2007, 6, 66),
(258, 'Undertow', 1993, 5, 67),
(259, 'Aenima', 1997, 5, 67),
(260, 'Lateralus', 2001, 5, 67),
(261, '10,000 Days', 2006, 5, 67),
(262, 'Makeshift Grey', 2001, 5, 68),
(263, 'ZZ Top''s First Album', 1970, 2, 69),
(264, 'Rio Grande Mud', 1972, 2, 69),
(265, 'Tres Hombres', 1973, 2, 69),
(266, 'Fandango', 1975, 2, 69),
(267, 'Tejas', 1976, 2, 69),
(268, 'Deguello', 1979, 2, 69),
(269, 'El Loco', 1981, 2, 69),
(270, 'Eliminator', 1983, 2, 69),
(271, 'Afterburner', 1985, 2, 69),
(272, 'Antenna', 1994, 2, 69),
(273, 'Rhythmeen', 1996, 2, 69),
(274, 'XXX', 1999, 2, 69),
(275, 'Animosity', 2001, 5, 54);

-- --------------------------------------------------------

--
-- Structure de la table `artist`
--

CREATE TABLE IF NOT EXISTS `artist` (
  `id` int(11) NOT NULL AUTO_INCREMENT,
  `nom` varchar(200) NOT NULL DEFAULT '',
  PRIMARY KEY (`id`)
) ENGINE=InnoDB  DEFAULT CHARSET=utf8 AUTO_INCREMENT=70 ;

--
-- Contenu de la table `artist`
--

INSERT INTO `artist` (`id`, `nom`) VALUES
(1, 'A Perfect Circle'),
(2, 'AC DC'),
(3, 'Alanis Morissette'),
(4, 'Anaïs'),
(5, 'Anthrax'),
(6, 'Arch Enemy'),
(7, 'Avril Lavigne'),
(8, 'Barry White'),
(9, 'Bénabar'),
(10, 'Benabar et Associés'),
(11, 'Black Label Society'),
(12, 'Black Stone Cherry'),
(13, 'Bob Dylan'),
(14, 'Cali'),
(16, 'Corrosion Of Conformity'),
(17, 'Death Angel'),
(18, 'Deftones'),
(19, 'Dido'),
(20, 'Dire Straits'),
(21, 'Eddy Mitchell'),
(22, 'Emilie Simon'),
(23, 'Eric Johnson, Steve Vai, Joe Satriani'),
(24, 'Evanescence'),
(25, 'Grip Inc.'),
(26, 'James Blunt'),
(27, 'Joe Cocker'),
(28, 'Keren Ann'),
(29, 'Lance & Donna'),
(30, 'Linkin Park'),
(31, 'Louise Attaque'),
(32, 'M'),
(33, 'Machine Head'),
(34, 'Malicorne'),
(35, 'Mass Hysteria'),
(36, 'Megadeth'),
(37, 'Metallica'),
(38, 'Mickey 3D'),
(39, 'Mika'),
(40, 'Morphine'),
(41, 'Motörhead'),
(42, 'Nevermore'),
(43, 'Olivia Ruiz'),
(44, 'Pantera'),
(45, 'Paolo Nutini'),
(46, 'Placebo'),
(47, 'Pressure 4-5'),
(48, 'Prong'),
(49, 'Queen'),
(50, 'Razorlight'),
(51, 'Red Hot Chili Peppers'),
(52, 'Sandi Thom'),
(53, 'Sanseverino'),
(54, 'Sevendust'),
(55, 'Shania Twain'),
(56, 'Skid Row'),
(57, 'Slayer'),
(58, 'Slipknot'),
(59, 'Stone Sour'),
(60, 'Suicidal Tendencies'),
(61, 'Superbus'),
(62, 'System Of A Down'),
(63, 'The Corrs'),
(64, 'The Pogues'),
(65, 'The Strokes'),
(66, 'The White Stripes'),
(67, 'Tool'),
(68, 'Unjust'),
(69, 'ZZ Top');

-- --------------------------------------------------------

--
-- Structure de la table `genre`
--

CREATE TABLE IF NOT EXISTS `genre` (
  `id` int(11) NOT NULL AUTO_INCREMENT,
  `nom` varchar(200) NOT NULL DEFAULT '',
  PRIMARY KEY (`id`)
) ENGINE=InnoDB  DEFAULT CHARSET=utf8 AUTO_INCREMENT=18 ;

--
-- Contenu de la table `genre`
--

INSERT INTO `genre` (`id`, `nom`) VALUES
(1, 'Alternative Rock'),
(2, 'Hard Rock'),
(3, 'Pop'),
(4, 'Chanson Française'),
(5, 'Metal'),
(6, 'Rock'),
(7, 'Funk'),
(8, 'Punk Rock'),
(9, 'Thrash Metal'),
(10, 'Electronic'),
(11, 'Indie'),
(12, 'Blues'),
(13, 'Celtic'),
(14, 'Alternative'),
(15, 'Jazz'),
(16, 'Swing'),
(17, 'Country');

-- --------------------------------------------------------

--
-- Structure de la table `morceau`
--

CREATE TABLE IF NOT EXISTS `morceau` (
  `id` int(11) NOT NULL AUTO_INCREMENT COMMENT 'Identifiant',
  `nom` varchar(200) NOT NULL DEFAULT '' COMMENT 'Titre du morceau',
  PRIMARY KEY (`id`)
) ENGINE=InnoDB  DEFAULT CHARSET=utf8 AUTO_INCREMENT=2907 ;

--
-- Contenu de la table `morceau`
--

INSERT INTO `morceau` (`id`, `nom`) VALUES
(1, 'The Hollow'),
(2, 'Magdalena'),
(3, 'Rose'),
(4, 'Judith'),
(5, 'Orestes'),
(6, '3 Libras'),
(7, 'Sleeping Beauty'),
(8, 'Thomas'),
(9, 'Renholdër'),
(10, 'Thinking of You'),
(11, 'Breña'),
(12, 'Over'),
(13, 'The Package'),
(14, 'Weak and Powerless'),
(15, 'The Noose'),
(16, 'Blue'),
(17, 'Vanishing'),
(18, 'A Stranger'),
(19, 'The Outsider'),
(20, 'Crimes'),
(21, 'The Nurse who Loved Me'),
(22, 'Pet'),
(23, 'Lullaby'),
(24, 'Gravity'),
(25, 'Annihilation'),
(26, 'Imagine'),
(27, 'Peace Love And Understanding'),
(28, 'What''s Going On'),
(29, 'Passive'),
(30, 'Gimmie Gimmie Gimmie'),
(31, 'People Are People'),
(32, 'Freedom Of Choice'),
(33, 'Let''s Have A War'),
(34, 'Counting Bodies Like Sheep To The Rhythm Of The War Drums'),
(35, 'When The Levee Breaks'),
(36, 'Fiddle And The Drum'),
(37, 'Hard As A Rock'),
(38, 'Cover You In Oil'),
(39, 'The Furor'),
(40, 'Boogie Man'),
(41, 'The Honey Roll'),
(42, 'Burnin'' Alive'),
(43, 'Hail Cesar'),
(44, 'Love Bomb'),
(45, 'Caught With Your Pants Down'),
(46, 'Whiskey On The Rocks'),
(47, 'Ballbreaker'),
(48, '21 Things'),
(49, 'Narcissus'),
(50, 'Hands Clean'),
(51, 'Flinch'),
(52, 'So Unsexy'),
(53, 'Precious Illusions'),
(54, 'That Particular Time'),
(55, 'A Man'),
(56, 'You Owe Me Nothing'),
(57, 'Surrendering'),
(58, 'Utopia'),
(59, 'Même si la vie c''pas du foie gras'),
(60, 'Mon coeur mon amour'),
(61, 'Elle sort qu''avec des blacks'),
(62, 'Christina'),
(63, 'Intermède : pendant ce temps là en Ecosse'),
(64, 'La vie est dure'),
(65, 'Rap collectif'),
(66, 'Je t''aime à en crever...'),
(67, 'Intermède : pendant ce temps là sur MTV'),
(68, 'B-B Baise moi'),
(69, 'Bad blues player'),
(70, 'La plus belle chose au monde'),
(71, 'Armed And Dangerous (Studio)'),
(72, 'Raise Hell (Studio)'),
(73, 'God Save The Queen (Studio - Non Lp)'),
(74, 'Metal Thrashing Mad (Live)'),
(75, 'Panic (Live)'),
(76, 'Soldiers Of Metal (Collector''s Rare Track)'),
(77, 'Howling Furies (Collector''s Rare Track)'),
(78, 'Deathrider'),
(79, 'Metal Thrashing Mad'),
(80, 'I''m Eighteen'),
(81, 'Panic'),
(82, 'Subjugator'),
(83, 'Soldiers Of Metal'),
(84, 'Death From Above'),
(85, 'Anthrax'),
(86, 'Across The River'),
(87, 'Howling Furies'),
(88, 'A.I.R.'),
(89, 'Lone Justice'),
(90, 'Madhouse'),
(91, 'S.S.C. / Stand Or Fall'),
(92, 'The Enemy'),
(93, 'Aftershock'),
(94, 'Armed and Dangerous'),
(95, 'Medusa'),
(96, 'Gung-ho'),
(97, 'Among the Living'),
(98, 'Caught in a Mosh'),
(99, 'I Am the Law'),
(100, 'Efilnikufesin (N.F.L.)'),
(101, 'Skeleton in the Closet'),
(102, 'Indians'),
(103, 'One World'),
(104, 'A.D.I. / Horror of It All'),
(105, 'Imitation of Life'),
(106, 'I''m the Man (Censored Radio Version)'),
(107, 'I''m the Man (Def Uncensored Version)'),
(108, 'Sabbath Bloody Sabbath'),
(109, 'I''m the Man - Live (Extremely Def IIi Uncensored Version)'),
(110, 'Caught in a Mosh - Live'),
(111, 'I Am the Law - Live'),
(112, 'Be All, End All'),
(113, 'Out Of Sight, Out Of Mind'),
(114, 'Make Me Laugh'),
(115, 'Antisocial'),
(116, 'Who Cares Wins'),
(117, 'Now It''s Dark'),
(118, 'Schism'),
(119, 'Misery Loves Company'),
(120, '13'),
(121, 'Finale'),
(122, 'Time'),
(123, 'Blood'),
(124, 'Keep It In The Family'),
(125, 'In My World'),
(126, 'Gridlock'),
(127, 'Intro To Reality'),
(128, 'Belly Of The Beast'),
(129, 'Got The Time'),
(130, 'H8 Red'),
(131, 'One Man Stands'),
(132, 'Discharge'),
(133, 'Friggin'' In The Riggin'''),
(134, 'Parasite'),
(135, 'Sects'),
(136, 'Pipeline'),
(137, 'Potter''s Field'),
(138, 'Only'),
(139, 'Room For One More'),
(140, 'Packaged Rebellion'),
(141, 'Hy Pro Glo'),
(142, 'Invisible'),
(143, '1000 Points Of Hate'),
(144, 'Black Lodge'),
(145, 'C11 H17 O2 N2 S Na'),
(146, 'Burst'),
(147, 'This Is Not An Exit'),
(148, 'Random Acts of Senseless Violence'),
(149, 'Fueled'),
(150, 'King Size'),
(151, 'Riding Shotgun'),
(152, 'Perpetual Motion'),
(153, 'In a Zone'),
(154, 'Nothing'),
(155, 'American Pompeii'),
(156, 'Drop the Ball'),
(157, 'Tester'),
(158, 'Bare'),
(159, 'Crush!'),
(160, 'Catharsis'),
(161, 'Inside Out'),
(162, 'Piss N Vinigar'),
(163, '604'),
(164, 'Toast To The Extras'),
(165, 'Born Again Idiot'),
(166, 'Killing Box'),
(167, 'Harms Way'),
(168, 'Hog Tied'),
(169, 'Big Fat'),
(170, 'Cupajoe'),
(171, 'Alpha Male'),
(172, 'Stealing From A Thief'),
(173, 'Bring The Noise'),
(174, 'Potters Field'),
(175, 'Ball Of Confusion'),
(176, 'Crush'),
(177, 'I''m The Man'),
(178, 'Bury Me an Angel'),
(179, 'Dark Insanity'),
(180, 'Eureka'),
(181, 'Idolatress'),
(182, 'Cosmic Retribution'),
(183, 'Demoniality'),
(184, 'Transmigration Macabre'),
(185, 'Time Capsule'),
(186, 'Fields Of Desolation'),
(187, 'Losing Faith'),
(188, 'The Ides Of March'),
(189, 'Beast Of Man'),
(190, 'Stigmata'),
(191, 'Sinister Manifesto'),
(192, 'Dark Of The Sun'),
(193, 'Let The Killing Begin'),
(194, 'Black Earth'),
(195, 'Tears Of The Dead'),
(196, 'Vox Stellarum'),
(197, 'Bridge Of Destiny'),
(198, 'The Immortal'),
(199, 'Dead Inside'),
(200, 'Pilgrim'),
(201, 'Silverwing'),
(202, 'Demonic Science'),
(203, 'Seed of Hate'),
(204, 'Angelclaw'),
(205, 'Burning Bridges'),
(206, 'Diva Satanica'),
(207, '10-Hydra'),
(208, 'Enemy Within'),
(209, 'Burning Angel'),
(210, 'Heart of Darkness'),
(211, 'Ravenous'),
(212, 'Savage Messiah'),
(213, 'Dead Bury Their Dead'),
(214, 'Web of Lies'),
(215, 'The First Deadly Sin'),
(216, 'Behind the Smile'),
(217, 'Snow Bound'),
(218, 'Shadows and Dust'),
(219, 'Starbreaker'),
(220, 'Aces High'),
(221, 'Scream Of Anger'),
(222, 'Fields Of Desolation ''99'),
(223, 'Damnation''s Way'),
(224, 'Hydra'),
(225, 'Blood on Your Hands'),
(226, 'The Last Enemy'),
(227, 'I Will Live Again'),
(228, 'In This Shallow Grave'),
(229, 'Revolution Begins'),
(230, 'Rise of the Tyrant'),
(231, 'The Day You Died'),
(232, 'Intermezzo Liberte'),
(233, 'Night Falls Fast'),
(234, 'The Great Darkness'),
(235, 'Vultures'),
(236, 'Girlfriend'),
(237, 'I Can Do Better'),
(238, 'Runaway'),
(239, 'The Best Damn Thing'),
(240, 'When You''re Gone'),
(241, 'Everything Back But You'),
(242, 'Hot'),
(243, 'Innocence'),
(244, 'I Don''t Have To Try'),
(245, 'One Of Those Girls'),
(246, 'Contagious'),
(247, 'Keep Holding On'),
(248, 'Let the music play (Funkstar''s club deluxe edit)'),
(249, 'You''re the first, the last, my everything'),
(250, 'Can''t get enough of your love babe'),
(251, 'Let the music play'),
(252, 'Change'),
(253, 'I''ll do for you anything you want me to'),
(254, 'Sho'' you right'),
(255, 'What am I gonna do with you'),
(256, 'Come on'),
(257, 'I''m gonna love you just a little more babe'),
(258, 'Never, never gonna give you up'),
(259, 'Baby we better try and get it together'),
(260, 'Just the way you are'),
(261, 'All around the world'),
(262, 'Dark and lovely'),
(263, 'Love''s interlude (Good night my love)'),
(264, 'Can''t get enough of your love babe (U-nam remix)'),
(265, 'Bon Anniversaire'),
(266, 'Y''A Une Fille Qu''Habite Chez Moi'),
(267, 'Vélo'),
(268, 'Porcelaine'),
(269, 'À Notre Santé'),
(270, 'Majorette'),
(271, 'Couche Tard Et Lève Tôt'),
(272, 'Coup Du Lapin'),
(273, 'Saturne'),
(274, 'Dramelet'),
(275, 'Approchez'),
(276, 'À Poings Fermés'),
(277, 'Monospace'),
(278, 'Dis lui oui'),
(279, 'Paresseuse'),
(280, 'Je suis de celles'),
(281, 'Vade retro Téléphone'),
(282, 'L''itinéraire'),
(283, 'Sac à main'),
(284, 'La station Mir'),
(285, 'La coquette'),
(286, 'Les mots d''amour'),
(287, 'Monsieur René'),
(288, 'Le Zoo de Vincennes'),
(289, 'Slow'),
(290, 'La Petite Monnaie'),
(291, 'Y''a Une Fille Qh''habite Chez Moi'),
(292, '(Ton Slow)'),
(293, 'Adolescente'),
(294, 'Dis-lui oui'),
(295, 'Hehul'),
(296, 'Blouse du dentiste'),
(297, 'Quand j''étais chanteur'),
(298, 'Le Slow'),
(299, 'Dis, quand reviendras-tu'),
(300, 'La p''tite monnaie'),
(301, 'Le Vélo... la chanson de Marius'),
(302, 'Le Diner'),
(303, 'Maritie et Gilbert Carpentier'),
(304, 'Quatre murs et un toit'),
(305, 'Bruxelles'),
(306, 'Triste Compagne'),
(307, 'La Berceuse'),
(308, 'Les Epices du souk du Caire'),
(309, 'Qu''est ce que tu voulais que je lui dise?'),
(310, 'Le mechant de James Bond'),
(311, 'Le Fou Rire'),
(312, 'Tu peux compter sur moi'),
(313, 'Le Cahier de solfege'),
(314, 'Majordome'),
(315, 'Ali et Félix'),
(316, 'Tout va bien'),
(317, 'Le chien'),
(318, 'Advienne que pourra'),
(319, 'Le 115'),
(320, 'Mélanie Patterson'),
(321, 'Cannibale'),
(322, 'Les ricochets'),
(323, 'La valse'),
(324, 'All For You'),
(325, 'Phoney Smiles And Fake'),
(326, '13 Years Of Grief'),
(327, 'Rust'),
(328, 'Superterrorizer'),
(329, 'Counterfeit God'),
(330, 'Aint Life Grand'),
(331, 'Just Killing Time'),
(332, 'Stronger Than Death'),
(333, 'Love Rein Down'),
(334, 'Lowdown'),
(335, 'Phony Smiles + Fake Hello'),
(336, 'Lost My Better Half'),
(337, 'Bored to Fears'),
(338, 'A.N.D.R.O.T.A.Z'),
(339, 'born to booze (lose)'),
(340, 'World of Trouble'),
(341, 'No More Tears'),
(342, 'The Begining... at Last'),
(343, 'Heart of Gold'),
(344, 'Snowblind'),
(345, 'Like a Bird'),
(346, 'Blood In The Wall'),
(347, 'The Beginning... at Last'),
(348, 'Bored to Tears'),
(349, 'The Rose Petalled Garden'),
(350, 'Hey You (Batch of Lies)'),
(351, 'Born to Lose'),
(352, 'Peddlers of Death'),
(353, 'Mother Mary'),
(354, 'Beneath the Tree'),
(355, 'Low Down'),
(356, 'T.a.z.'),
(357, 'Black Pearl'),
(358, 'Spoke in the Wheel'),
(359, 'The Begining...at Last'),
(360, 'Bleed for Me'),
(361, 'Lords of Destruction'),
(362, 'Demise of Sanity'),
(363, 'Life/Birth/Blood/Doom'),
(364, 'Bridge to Cross'),
(365, 'Battering Ram'),
(366, 'Speedball'),
(367, 'Graveyard Disciples'),
(368, 'Genocide Junkies'),
(369, 'Lost Heaven'),
(370, 'Refuse to Bow Down'),
(371, 'Mass Murder Machine'),
(372, 'Berserkers'),
(373, 'America the Beautiful'),
(374, 'Concrete Jungle'),
(375, 'Black Mass Reverends'),
(376, 'Blacked Out World'),
(377, 'The Last Goodbye'),
(378, 'Give Yourself To Me'),
(379, 'Nothing''s The Same'),
(380, 'Hell Is High'),
(381, 'New Religion'),
(382, 'Sick Of It All'),
(383, 'Faith Is Blind'),
(384, 'Blood Is Thicker Than Water'),
(385, 'Devil''s Dime'),
(386, 'Lead Me To Your Door'),
(387, 'Rain Wizard'),
(388, 'Backwoods Gold'),
(389, 'Lonely Train'),
(390, 'Maybe Someday'),
(391, 'When The Weight Comes Down'),
(392, 'Crosstown Woman'),
(393, 'Shooting Star'),
(394, 'Hell & High Water'),
(395, 'Shapes Of Things'),
(396, 'Violator Girl'),
(397, 'Tired Of The Rain'),
(398, 'Drive'),
(399, 'Rollin'' On'),
(400, 'Subterranean Homesick Blues'),
(401, 'She Belongs To Me'),
(402, 'Maggie''s Farm'),
(403, 'Love Minus Zero, No Limit'),
(404, 'Outlaw Blues'),
(405, 'On The Road Again'),
(406, 'Bob Dylan''s 115th Dream'),
(407, 'Mr Tambourine Man'),
(408, 'Gates Of Eden'),
(409, 'It''s Alright Ma (I''m Only Bleeding)'),
(410, 'It''s All Over Now Baby Blue'),
(411, 'Lily Of The West'),
(412, 'Can''t Help Falling In Love'),
(413, 'Sarah Jane'),
(414, 'The Ballard Of Ira Hayes'),
(415, 'Mr Bojangles'),
(416, 'Mary Anne'),
(417, 'Big Yellow Taxi'),
(418, 'A Fool Such As I'),
(419, 'Spanish Is The Loving Tongue'),
(420, 'Hurricane'),
(421, 'Isis'),
(422, 'Mozambique'),
(423, 'One More Cup of Coffee'),
(424, 'Oh, Sister'),
(425, 'Joey'),
(426, 'Romance In Durango'),
(427, 'Black Diamond Bay'),
(428, 'Sara'),
(429, 'Tight Connection To My Heart (has anybody seen my love)'),
(430, 'Seeing The Real You At Last'),
(431, 'I''ll Remember You'),
(432, 'Clean Cut Kid'),
(433, 'Never Gonna Be The Same Again'),
(434, 'Trust Yourself'),
(435, 'Emotionally Yours'),
(436, 'When The Night Comes Falling From The Sky'),
(437, 'Something''s Burning Baby'),
(438, 'Dark Eyes'),
(439, 'Slow Train'),
(440, 'I Want You'),
(441, 'Gotta Serve Somebody'),
(442, 'Queen Jane Approximately'),
(443, 'All Along the Watchtower'),
(444, 'Knockin'' on Heaven''s Door'),
(445, 'Qui Se Soucie De Moi'),
(446, 'Je M''en Vais (Apres Miossec)'),
(447, 'Pauvre Garçon Avec Daniel Darc'),
(448, 'Pour Jane'),
(449, 'Je Sais'),
(450, 'Je Ne Vivrai Pas Sans Toi'),
(451, 'Roberta'),
(452, 'Menteur'),
(453, 'Tes Yeux'),
(454, 'La Fin Du Monde Pour Dans 10 Minutes'),
(455, 'Je Te Souhaite à Mon Pire Ennemi'),
(456, 'Le Vrai Père'),
(457, 'C''est Quand Le Bonheur'),
(458, 'Il Y a A Une Question'),
(459, 'Pensons A L''avenir'),
(460, 'Dolorosa'),
(461, 'Le Grand Jour'),
(462, 'Elle M''a Dit'),
(475, 'Tell Me'),
(476, 'Minds Are Controlled'),
(477, 'Indifferent'),
(478, 'Broken Will'),
(479, 'Rabid Dogs'),
(480, 'L.S.'),
(481, 'Rednekkk'),
(482, 'Co-Exist'),
(483, 'Excluded'),
(484, 'Dark Thoughts'),
(485, 'Poison Planet'),
(486, 'What?'),
(487, 'Negative Outlook'),
(488, 'Positive Outlook'),
(489, 'No Drunk'),
(490, 'College Town'),
(491, 'Not Safe'),
(492, 'Eye for an Eye'),
(493, 'Nothing''s Gonna Change'),
(494, 'Center of the World'),
(495, 'Citizen'),
(496, 'Not for Me'),
(497, 'What (?)'),
(498, 'Loss For Words'),
(499, 'Mad World'),
(500, 'Consumed'),
(501, 'Holier'),
(502, 'Prayer'),
(503, 'Intervention'),
(504, 'Kiss of Death'),
(505, 'Hungry Child'),
(506, 'Animosity'),
(507, 'Technocracy'),
(508, 'Happily Ever After'),
(509, 'Crawling'),
(510, 'Ahh Blugh (Milking the Sick Farce)'),
(511, 'These Shrouded Temples'),
(512, 'Damned For All Time'),
(513, 'Dance Of The Dead'),
(514, 'Buried'),
(515, 'Break The Circle'),
(516, 'Painted Smiling Face'),
(517, 'Mine Are The Eyes Of God'),
(518, 'Shallow Ground'),
(519, 'Vote With A Bullet'),
(520, 'Great Purification'),
(521, 'White Noise'),
(522, 'Echoes In The Well'),
(523, 'Remain'),
(524, 'Condition A/Condition B'),
(525, 'Future Now'),
(526, 'Jim Beam And The Coon Ass'),
(527, 'Heaven''s Not Overflowing'),
(528, 'Albatross'),
(529, 'Clean My Wounds'),
(530, 'Without Wings'),
(531, 'Broken Man'),
(532, 'Senor Limpio'),
(533, 'Mano De Mono'),
(534, 'Seven Days'),
(535, '#2121313'),
(536, 'My Grain'),
(537, 'Deliverance'),
(538, 'Shake Like You'),
(539, 'Shelter'),
(540, 'Pearls Before Swine'),
(541, 'King of the Rotten'),
(542, 'Long Whip/Big America'),
(543, 'Wiseblood'),
(544, 'Goodbye Windows'),
(545, 'Born Again for the Last Time'),
(546, 'Drowning in a Daydream'),
(547, 'The Snake Has No Head'),
(548, 'The Door'),
(549, 'Man or Ash'),
(550, 'Redemption City'),
(551, 'Wishbone (Some Tomorrow)'),
(552, 'Fuel'),
(553, 'Bottom Feeder (El Que Come Abajo)'),
(554, 'Over Me'),
(555, 'Congratulations Song'),
(556, 'Stare Too Long'),
(557, 'Diabolo Boulevard'),
(558, 'Doublewide'),
(559, 'Zippo'),
(560, 'Who''s got the Fire'),
(561, 'Sleeping Martyr'),
(562, 'Take What you Want'),
(563, '13 Angels'),
(564, 'Gittin it On'),
(565, 'Rather See you Dead'),
(566, 'Steady Roller'),
(567, 'Diablo Blvd.'),
(568, '13 Angels-7 Days'),
(569, 'Long Whip-Big America'),
(570, 'Stone Breaker'),
(571, 'Paranoid Opioid'),
(572, 'It Is That Way'),
(573, 'Dirty Hands Empty Pockets/Already Gone'),
(574, 'Rise River Rise'),
(575, 'Never Turns to More'),
(576, 'Infinite War'),
(577, 'So Much Left Behind'),
(578, 'Backslider'),
(579, 'World of Fire'),
(580, 'Crown of Thorns'),
(581, 'In the Arms of God'),
(582, 'Thrashers'),
(583, 'Evil Priest'),
(584, 'Voracious Souls'),
(585, 'Kill As One'),
(586, 'The Ultra-Violence'),
(587, 'Mistress Of Pain'),
(588, 'Final Death'),
(589, 'I.P.F.S.'),
(590, '3rd Floor'),
(591, 'Road Mutants'),
(592, 'Why You Do This'),
(593, 'Bored'),
(594, 'Devil''s Metal'),
(595, 'Confused'),
(596, 'Guilty Of Innocence'),
(597, 'Open Up'),
(598, 'Shores Of Sin'),
(599, 'Cold Gin'),
(600, 'Mind Rape'),
(601, 'Seemingly Endless Time'),
(602, 'Stop'),
(603, 'Veil Of Deception'),
(604, 'The Organization'),
(605, 'Discontinued'),
(606, 'A Room With A View'),
(607, 'Stagnant'),
(608, 'Ex-tc'),
(609, 'Disturbing The Peace'),
(610, 'Falling Asleep'),
(611, 'Why You Do This?'),
(612, 'Minus Blindfold'),
(613, 'One Weak'),
(614, 'Nosebleed'),
(615, 'Lifter'),
(616, 'Root'),
(617, '7 Words'),
(618, 'Birthmark'),
(619, 'Engine No.9'),
(620, 'Fireal'),
(621, 'Fist'),
(622, 'Back To School'),
(623, 'Feiticeira'),
(624, 'Back To School Live'),
(625, 'NoseBleed Live'),
(626, 'Teething Live'),
(627, 'Change (In the house Of Files)'),
(628, 'White Pony (epk) ( Short Version)'),
(629, 'Savory'),
(630, 'Wax And Wane'),
(631, 'Change (In The House Of Flies) [Acoustic]'),
(632, 'Simple Man'),
(633, 'Sinatra'),
(634, 'No Ordinary Love'),
(635, 'Teenager (Idiot Version)'),
(636, 'Crenshaw Punch - I''ll Throw Rocks At You'),
(637, 'Black Moon'),
(638, 'If Only Tonight We Could Sleep'),
(639, 'Please Please Please Let Me Get What I Want'),
(640, 'Digital Bath (Acoustic)'),
(641, 'The Chauffeur'),
(642, 'Be Quiet And Drive (Far Away) [Acoustic]'),
(643, 'Here With Me'),
(644, 'Hunter'),
(645, 'Don''t Think Of Me'),
(646, 'My Lovers Gone'),
(647, 'All You Want'),
(648, 'Thank You'),
(649, 'Honestly Ok'),
(650, 'Slide'),
(651, 'Isobel'),
(652, 'I''m No Angel'),
(653, 'My Life'),
(654, 'Take My Hand'),
(655, 'Thankyou (S & S BeastMix)'),
(656, 'Once Upon A Time In The West'),
(657, 'News'),
(658, 'Where Do You Think You''re Goin'),
(659, 'Communiqué'),
(660, 'Lady Writer'),
(661, 'Angel Of Mercy'),
(662, 'Portobello Belle'),
(663, 'Single Handed Sailor'),
(664, 'Follow Me Home'),
(665, 'Tunnel Of Love'),
(666, 'Romeo And Juliet'),
(667, 'Skateaway'),
(668, 'Expresso Love'),
(669, 'Hand In Hand'),
(670, 'Solid Rock'),
(671, 'Les Boys'),
(672, 'Telegraph Road'),
(673, 'Private Investigations'),
(674, 'Industrial Disease'),
(675, 'Love Over Gold'),
(676, 'It Never Rains'),
(677, 'So Far Away'),
(678, 'Money For Nothing'),
(679, 'Walk Of Life'),
(680, 'Your Latest Trick'),
(681, 'Why Worry'),
(682, 'Ride Across The River'),
(683, 'The Man''s Too Strong'),
(684, 'Brothers In Arms'),
(685, 'Sultans Of Swing'),
(686, 'Down To The Waterline'),
(687, 'Portobello Belle - Live'),
(688, 'Twisting By The Pool (Remix)'),
(689, 'Where Do You Think You''re Going'),
(690, 'Telegraph Road - Live (Remix)'),
(691, 'Calling Elvis'),
(692, 'On Every Street'),
(693, 'When It Comes to You'),
(694, 'Fade to Black'),
(695, 'The Bug'),
(696, 'You and Your Friend'),
(697, 'Heavy Fuel'),
(698, 'Iron Hand'),
(699, 'Ticket to Heaven'),
(700, 'My Parties'),
(701, 'Planet of New Orleans'),
(702, 'How Long'),
(703, 'J''aime Les Interdits'),
(704, 'Sur La Route 66'),
(705, 'Faut Faire Avec Moi'),
(706, 'Le Monde Est Trop Petit'),
(707, 'Y''a Danger'),
(708, 'Je Chante Pour Ceux Qui Ont Le Blues'),
(709, 'Reality Show'),
(710, 'C''est Pas Ta Journée'),
(711, 'Coeur Glacé'),
(712, 'Faudrait Pas Rester Là'),
(713, 'Au Bar Du Lutetia'),
(714, 'Song of the storm'),
(715, 'I wanna be your dog'),
(716, 'Dame de lotus'),
(717, 'Desert'),
(718, 'Fleur de saison'),
(719, 'Le vieil amant'),
(720, 'Sweet blossom'),
(721, 'Rose hybride de the'),
(722, 'Never fall in love'),
(723, 'Flowers'),
(724, 'Il pleut'),
(725, 'Swimming'),
(726, 'In the lake'),
(727, 'My old friend'),
(728, 'To the dancers in the rain'),
(729, 'Alicia'),
(730, 'Opium'),
(731, 'Annie'),
(732, 'En cendres'),
(733, 'Cool No 9 - Satriani'),
(734, 'Flying In A Blue Dream - Satriani'),
(735, 'Summer Song - Satriani'),
(736, 'Zap - Johnson'),
(737, 'Manhattan - Johnson'),
(738, 'Camel''s Night Out - Johnson'),
(739, 'Answers - Vai'),
(740, 'For The Love Of God - Vai'),
(741, 'The Attitude Song - Vai'),
(742, 'Going Down - All'),
(743, 'My Guitar Wants To Kill Your Mama - All'),
(744, 'Red House - All'),
(745, 'Bring Me To Life'),
(746, 'Going Under'),
(747, 'Everybody''s Fool'),
(748, 'My Immortal'),
(749, 'Haunted'),
(750, 'Tourniquet'),
(751, 'Imaginary'),
(752, 'Taking Over Me'),
(753, 'Hello'),
(754, 'My Last Breath'),
(755, 'Whisper'),
(756, 'Sweet Sacrifice'),
(757, 'Call Me When You''re Sober'),
(758, 'Weight Of The World'),
(759, 'Lithium'),
(760, 'Cloud Nine'),
(761, 'Snow White Queen'),
(762, 'Lacrymosa'),
(763, 'Like You'),
(764, 'Lose Control'),
(765, 'The Only One'),
(766, 'Your Star'),
(767, 'All That I''m Living For'),
(768, 'Good Enough'),
(769, 'Toque De Muerto'),
(770, 'Savage Seas (Retribution)'),
(771, 'Hostage To Heaven'),
(772, 'Monster Among Us.'),
(773, 'Innate Affliction'),
(774, 'Colors of Death'),
(775, 'Ostracized'),
(776, 'Cleanse the Seed'),
(777, 'Heretic War Chant'),
(778, 'Longest Hate'),
(779, 'Pathetic Liar'),
(780, 'Portait Of Henry'),
(781, 'Empress Rancor'),
(782, 'Descending Darkness'),
(783, 'War Between One'),
(784, 'Scream At The Sky'),
(785, 'Silent Stranger'),
(786, 'The Summoning'),
(787, 'Rusty Nail'),
(788, 'Myth Of Man'),
(789, 'Code Of Silence'),
(790, 'Isolation'),
(791, 'Amped'),
(792, 'Lockdown'),
(793, 'Griefeless'),
(794, 'Fo Resight'),
(795, 'Human?'),
(796, 'Vindicate'),
(797, 'Stresscase'),
(798, 'Challenge'),
(799, 'Verrater (Betrayer)'),
(800, 'Bug Juice'),
(801, 'Curse (of the Cloth)'),
(802, 'The Answer'),
(803, 'Prophecy'),
(804, 'Endowment of Apathy'),
(805, 'Enemy Mind'),
(806, 'Skin Trade'),
(807, '(Built to) Resist'),
(808, 'The Gift'),
(809, 'Privilege'),
(810, 'Blood of Saints'),
(811, 'Man with NO Insides'),
(812, 'High'),
(813, 'You''re Beautiful'),
(814, 'Wise Men'),
(815, 'Goodbye My Lover'),
(816, 'Tears And Rain'),
(817, 'Out Of My Mind'),
(818, 'So Long, Jimmy'),
(819, 'Billy'),
(820, 'Cry'),
(821, 'No Bravery'),
(822, 'Look What You''ve Done'),
(823, 'Shocked'),
(824, 'Sweet Little Woman'),
(825, 'Marie'),
(826, 'Ruby Lee'),
(827, 'Many Rivers to Cross'),
(828, 'So Good, So Right'),
(829, 'Talking Back to the Night'),
(830, 'Just Like Always'),
(831, 'Civilized Man'),
(832, 'There Goes My Baby'),
(833, 'Come On In'),
(834, 'Tempted'),
(835, 'Long Drag Off a Cigarette'),
(836, 'I Love the Night'),
(837, 'Crazy in Love'),
(838, 'A Girl Like You'),
(839, 'Hold On (I Feel Our Love Is Changing)'),
(840, 'Even a Fool Would Let Go'),
(841, 'Shelter Me'),
(842, 'A to Z'),
(843, 'Don''t You Love Me Anymore'),
(844, 'Living Without Your Love'),
(845, 'Don''t Drink the Water'),
(846, 'You Can Leave Your Hat On'),
(847, 'Heart of the Matter'),
(848, 'Inner City Blues (Make Me Wanna Holler)'),
(849, 'Love Is on a Fade'),
(850, 'Heaven'),
(851, 'Unchain My Heart'),
(852, 'Two Wrongs (Don''t Make a Right)'),
(853, 'I Stand in Wonder'),
(854, 'River''s Rising'),
(855, 'All Our Tomorrows'),
(856, 'A Woman Loves a Man'),
(857, 'Trust in Me'),
(858, 'The One'),
(859, 'Satisfied'),
(860, 'When the Night Comes'),
(861, 'I Will Live for You'),
(862, 'I''ve Got to Use My Imagination'),
(863, 'Letting Go'),
(864, 'Just to Keep from Drowning'),
(865, 'Unforgiving'),
(866, 'Another Mind Gone'),
(867, 'Fever'),
(868, 'You Know We''re Gonna Hurt'),
(869, 'Bad Bad Sign'),
(870, 'I''m Your Man'),
(871, 'One Night of Sin'),
(872, 'With A Little Help From My Friends'),
(873, 'The Letter'),
(874, 'Marjorine'),
(875, 'Midnight Rider'),
(876, 'You Are So Beautiful'),
(877, 'Feelin'' Allright'),
(878, 'Cry Me A River'),
(879, 'Hight Time We Went'),
(880, 'Delta Lady'),
(881, 'She Came in Through the Bathroom Window'),
(882, 'Pardon Me Sir'),
(883, 'Put Out The Light'),
(884, 'Something'),
(885, 'I Shall Be Released'),
(886, 'Just Like A Woman'),
(887, 'Don''t Let Me Be Misunderstood'),
(888, 'Into the Mustic'),
(889, 'Anybody Seen My Girl'),
(890, 'Heart Full of Rain'),
(891, 'High Lonesome Blue'),
(892, 'Sail Away'),
(893, 'You and I'),
(894, 'Darling Be Home Soon'),
(895, 'Dignity'),
(896, 'Can''t Find My Way Home'),
(897, 'First We Take Manhattan'),
(898, 'Different Roads'),
(899, 'My Father''s Son'),
(900, 'While You See A Chance'),
(901, 'She Believes In Me'),
(902, 'No Ordinary World'),
(903, 'Where Would I Be Now'),
(904, 'Ain''t Gonna Cry Again'),
(905, 'Soul Rising'),
(906, 'Naked Without You'),
(907, 'Love To Lean On'),
(908, 'On My Way Home'),
(909, 'Feelin'' Alright'),
(910, 'Summer In The City'),
(911, 'Up Where We Belong Ft Jennifer'),
(912, 'With A Little Help From My Fri'),
(913, 'Cry Me A River (Live)'),
(914, 'The Letter (Live)'),
(915, 'Night Calls'),
(916, 'She Came In Through The Bathro'),
(917, 'Could You Be Loved'),
(918, 'First We Take Manhatten'),
(919, 'The Simple Things'),
(920, 'N''oubliez Jamais'),
(921, 'That''s All I Need To Know Difendero (Live)'),
(922, 'Have A Little Faith In Me'),
(923, 'Don''t Let The Sun Go Down On M'),
(924, 'Now That The Magic Has Gone'),
(925, 'Sweet Lil'' Woman'),
(926, '(All I Know) Feels Like Foreve'),
(927, 'Sorry Seems To Be The Hardest Word'),
(928, 'Never Tear Us Apart'),
(929, 'Chain Of Fools'),
(930, 'One'),
(931, 'I Who Having Nothing'),
(932, 'Maybe I''m Amazed'),
(933, 'I Keep Forgettin'''),
(934, 'I Put a Spell on You'),
(935, 'Every Kind of People'),
(936, 'Love Don''t Live Here Anymore'),
(937, 'Don''t Let Me Be Lonely'),
(938, 'Jealus Guy'),
(939, 'Everybody Hurts'),
(940, 'Up Where We Belong'),
(941, 'Come Together'),
(942, 'Just Pass It On'),
(943, 'Dont Give Up On Me'),
(944, 'Hymn For My Soul'),
(945, 'Band Intro'),
(946, 'With A Little Help Of My Friends'),
(947, 'Long As I Can See The Light'),
(948, 'What Becomes Of The Brokenhearted'),
(949, 'A Woman Who Loves A Man'),
(950, 'Love Is Alive'),
(951, 'Edge Of A Dream'),
(952, 'You Haven''T Done Nothin'''),
(953, 'One Word (Peace)'),
(954, 'Love Is For Me'),
(955, 'Don''T Give Up On Me'),
(956, 'Beware Of Darkness'),
(957, 'Rivers Invitation'),
(958, 'Ring Them Bells'),
(959, 'Hymn 4 My Soul'),
(960, 'it''s all a lie'),
(961, 'lay your head down'),
(962, 'in your back'),
(963, 'the harder ships of the world'),
(964, 'it ain''t a crime'),
(965, 'where no endings end'),
(966, 'liberty'),
(967, 'between the flatland and the caspian sea'),
(968, 'caspia'),
(969, 'I Ain''t No Iceman'),
(970, 'Come On In My Kitchen'),
(971, 'Can'' t Get That Stuff No More'),
(972, 'Death Don''t Have No Mercy'),
(973, 'Crossroads'),
(974, 'Love In Vain'),
(975, 'Baby, Please Don'' t Go'),
(976, 'Sittin'' On Top Of The World'),
(977, 'Can'' t Be Satisfied'),
(978, 'One Way Out'),
(979, 'Dust My Broom'),
(980, 'Wake'),
(981, 'Given Up'),
(982, 'Leave Out All The Rest'),
(983, 'Bleed It Out'),
(984, 'Shadow Of The Day'),
(985, 'What I''ve Done'),
(986, 'Hands Held High'),
(987, 'No More Sorrow'),
(988, 'Valentines Day'),
(989, 'In Between'),
(990, 'In Pieces'),
(991, 'The Little Things Give You Away'),
(992, 'La traverse du dsert'),
(993, 'revolver'),
(994, 'shibuya station'),
(995, 'sean penn, mitchum'),
(996, 'si l''on marchait jusqu'' demain'),
(997, 'salom'),
(998, 'si c''tait hier'),
(999, 'oui, non'),
(1000, 'nos sourires'),
(1001, 'depuis toujours'),
(1002, 'l''envers'),
(1003, 'manhattan'),
(1004, 'see you later alligator'),
(1005, 'la nuit'),
(1006, 'oui, non, encore ?'),
(1007, 'est-ce que tu m''aime encore ?'),
(1008, 'a m''aurait plu'),
(1009, 'Monde virtuel'),
(1010, 'Je dis Aime'),
(1011, 'Onde sensuelle'),
(1012, 'A celle qui dure'),
(1013, 'Faut oublier'),
(1014, 'Le festival de Connes'),
(1015, 'Le mec hamac'),
(1016, 'Close to me'),
(1017, 'Emilie 1000 Volts'),
(1018, 'Qui est le plus fragile?'),
(1019, 'Le complexe du Corn Flakes'),
(1020, 'Au lieu du crime'),
(1021, 'Bonoboo'),
(1022, 'Le commun des motels'),
(1023, 'Mama Sam'),
(1024, 'Mon ego'),
(1025, 'La bonne étoile'),
(1026, 'Sous ta peau'),
(1027, 'À tes souhaits'),
(1028, 'Qui de nous deux'),
(1029, 'Ma mélodie'),
(1030, 'Quand je vais chez elle'),
(1031, 'La corde sensible'),
(1032, 'Je me démasque'),
(1033, 'C''est pas ta faute'),
(1034, 'Gimmick'),
(1035, 'Le radeau'),
(1036, 'Psyko bug'),
(1037, 'Peau de fleur'),
(1038, 'Ton écho'),
(1039, 'Davidian'),
(1040, 'Old'),
(1041, 'A Thousand Lies'),
(1042, 'None But My Own'),
(1043, 'The Rage to Overcome'),
(1044, 'Death Church'),
(1045, 'A Nation on Fire'),
(1046, 'Blood For Blood'),
(1047, 'I''m Your God Now'),
(1048, 'Real Eyes, Realize, Real Lies'),
(1049, 'Block'),
(1050, 'Ten Ton Hammer'),
(1051, 'Take My Scars'),
(1052, 'Struck A Nerve'),
(1053, 'Down To None'),
(1054, 'The Frontlines'),
(1055, 'Spine'),
(1056, 'Bay Of Pigs'),
(1057, 'Violate'),
(1058, 'Blistering'),
(1059, 'Blood Of The Zodiac'),
(1060, 'Enter The Phoenix'),
(1061, 'Desire To Fire'),
(1062, 'Nothing Left'),
(1063, 'The Blood, The Sweat, The Tears'),
(1064, 'Silver'),
(1065, 'From This Day'),
(1066, 'Exhale The Vile'),
(1067, 'Message In A Bottle'),
(1068, 'Devil With The King''s Card'),
(1069, 'I Defy'),
(1070, 'Five'),
(1071, 'The Burning Red'),
(1072, 'Declaration'),
(1073, 'Bulldozer'),
(1074, 'White-Knuckle Blackout!'),
(1075, 'Crashing Around You'),
(1076, 'Kick You When You''re Down'),
(1077, 'Only The Names'),
(1078, 'All In Your Head'),
(1079, 'American High'),
(1080, 'Brown Acid'),
(1081, 'Nausea'),
(1082, 'Blank Generation'),
(1083, 'Trephination'),
(1084, 'Deafening Silence'),
(1085, 'Supercharger'),
(1086, 'Hole In The Sky'),
(1087, 'Ten Fold'),
(1088, 'The Blood, The Sweat, The Tears (Live)'),
(1089, 'Desire To Fire (Live)'),
(1090, 'Bulldozer (Live)'),
(1091, 'Ten Ton Hammer (Live)'),
(1092, 'Old (Live)'),
(1093, 'Crashing Around You (Live)'),
(1094, 'Take My Scars (Live)'),
(1095, 'I''m Your God Now (Live)'),
(1096, 'None But My Own (Live)'),
(1097, 'From This Day (Live)'),
(1098, 'American High (Live)'),
(1099, 'Nothing Left (Live)'),
(1100, 'The Burning Red (Live)'),
(1101, 'Davidian (Live)'),
(1102, 'Supercharger (Live)'),
(1103, 'Imperium'),
(1104, 'Bite the Bullet'),
(1105, 'Left Unfinished'),
(1106, 'Elegy'),
(1107, 'In the Presence of My Enemies'),
(1108, 'Days Turn Blue to Gray'),
(1109, 'Vim'),
(1110, 'Seasons Wither'),
(1111, 'All Falls Down'),
(1112, 'Wipe the Tears'),
(1113, 'Decend the Shade of Night'),
(1114, 'Clenching The Fists Of Dissent'),
(1115, 'Beautiful Mourning'),
(1116, 'Aesthetics Of Hate'),
(1117, 'Now I Lay Thee Down'),
(1118, 'Slanderous'),
(1119, 'Halo'),
(1120, 'Wolves'),
(1121, 'A Farewell To Arms'),
(1122, 'Le prince d''Orange'),
(1123, 'Le ballet des coqs'),
(1124, 'Compagnons qui roulez en Provence'),
(1125, 'La mule'),
(1126, 'Pierre de Grenoble'),
(1127, 'Vive la lune'),
(1128, 'La danse des damnés'),
(1129, 'La chasse gallery'),
(1130, 'La nuit des sorcières'),
(1131, 'La conduite'),
(1132, 'Dormeur'),
(1133, 'L''écolier assassin'),
(1134, 'Sorcier'),
(1135, 'Beau charpentier / Quand le cyprès'),
(1136, 'L''homme qui en savait trop rien'),
(1137, 'Knowledge Is Power'),
(1138, 'Mass protect'),
(1139, 'Shine'),
(1140, 'L''effet papillon'),
(1141, 'Donnez-vous la peine'),
(1142, 'Hard Corps (Les fils du vice)'),
(1143, 'Gone'),
(1144, 'Respect to the Dance Floor'),
(1145, 'Unique'),
(1146, 'MH 2 C.E.S'),
(1147, 'Knowledge Is Power  (New Year''s Remix)'),
(1148, 'Contraddiction'),
(1149, 'Zion'),
(1150, 'Aimable à souhait'),
(1151, 'Attracteurs étranges'),
(1152, 'Finistère amer'),
(1153, 'P4'),
(1154, 'Sur la brèche'),
(1155, 'Furia'),
(1156, 'Le dernier tango'),
(1157, 'Osmos''99'),
(1158, 'Le plus juste effet'),
(1159, 'Corazones olvidados'),
(1160, 'Last Rites / Loved to Death'),
(1161, 'Killing Is My Business... and Business Is Good!'),
(1162, 'Skull Beneath the Skin'),
(1163, 'These Boots'),
(1164, 'Rattlehead'),
(1165, 'Chosen Ones'),
(1166, 'Looking Down the Cross'),
(1167, 'Mechanix'),
(1168, 'Wake Up Dead'),
(1169, 'The Conjuring'),
(1170, 'Peace Sells'),
(1171, 'Devils Island'),
(1172, 'Good Mourning / Black Friday'),
(1173, 'Bad Omen'),
(1174, 'I Ain''t Superstitious'),
(1175, 'My Last Words'),
(1176, 'Into The Lungs Of Hell'),
(1177, 'Set The World Afire'),
(1178, 'Anarchy In The U.K.'),
(1179, 'Mary Jane'),
(1180, '502'),
(1181, 'In My Darkest Hour'),
(1182, 'Liar'),
(1183, 'Hook In Mouth'),
(1184, 'Holy Wars... The Punishment Due'),
(1185, 'Hangar 18'),
(1186, 'Take No Prisoners'),
(1187, 'Five Magics'),
(1188, 'Poison Was The Cure'),
(1189, 'Lucretia'),
(1190, 'Tornado Of Souls'),
(1191, 'Dawn Patrol'),
(1192, 'Rust In Peace... Polaris'),
(1193, 'Skin O'' My Teeth'),
(1194, 'Symphony Of Destruction'),
(1195, 'Architecture Of Aggression'),
(1196, 'Foreclosure Of a Dream'),
(1197, 'Sweating Bullets'),
(1198, 'This Was My Life'),
(1199, 'Countdown To Extinction'),
(1200, 'High Speed Dirt'),
(1201, 'Psychotron'),
(1202, 'Captive Honour'),
(1203, 'Ashes In Your Mouth'),
(1204, 'Reckoning Day'),
(1205, 'Train Of Consequences'),
(1206, 'Addicted To Chaos'),
(1207, 'A Tout Le Monde'),
(1208, 'Elysian Fields'),
(1209, 'The Killing Road'),
(1210, 'Blood Of Heroes'),
(1211, 'Family Tree'),
(1212, 'Youthanasia'),
(1213, 'I Thought I Knew It All'),
(1214, 'Black Curtains'),
(1215, 'Victory'),
(1216, 'No More Mr. Nice Guy'),
(1217, 'Breakpoint'),
(1218, 'Go To Hell'),
(1219, 'Angry Again'),
(1220, '99 Ways To Die'),
(1221, 'Paranoid'),
(1222, 'Diadems'),
(1223, 'Problems'),
(1224, 'Trust'),
(1225, 'Almost Honest'),
(1226, 'Use the Man'),
(1227, 'Mastermind'),
(1228, 'Disintegrators, the'),
(1229, 'I''ll Get Even'),
(1230, 'Sin'),
(1231, 'Secret Place, a'),
(1232, 'Have Cool Will Travel'),
(1233, 'She-Wolf'),
(1234, 'Vortex'),
(1235, 'FFF'),
(1236, 'Insomnia'),
(1237, 'Prince Of Darkness'),
(1238, 'Enter The Arena'),
(1239, 'Crush ''em'),
(1240, 'Breadline'),
(1241, 'The Doctor Is Calling'),
(1242, 'I''ll Be There'),
(1243, 'Wanderlust'),
(1244, 'Ecstasy'),
(1245, 'Seven'),
(1246, 'Time: The Beginning'),
(1247, 'Time: The End'),
(1248, 'Disconnect'),
(1249, 'The World Needs a Hero'),
(1250, 'Moto Psycho'),
(1251, '1000 Times Goodbye'),
(1252, 'Promises'),
(1253, 'Recipe For Hate... Warhorse'),
(1254, 'Losing My Senses'),
(1255, 'Silent Scorn'),
(1256, 'Return to Hangar'),
(1257, 'When'),
(1258, 'Blackmail the Universe'),
(1259, 'Die Dead Enough'),
(1260, 'Kick the Chair'),
(1261, 'The Scorpion'),
(1262, 'Tears in a Vial'),
(1263, 'I Know Jack'),
(1264, 'Back in the Day'),
(1265, 'Something That I''m Not'),
(1266, 'Truth Be Told'),
(1267, 'Of Mice and Men'),
(1268, 'Shadow of Deth'),
(1269, 'My Kingdom'),
(1270, 'Sleepwalker'),
(1271, 'Washington is Next!'),
(1272, 'Never Walk Alone...A Call to Arms'),
(1273, 'United Abominations'),
(1274, 'Gears of War'),
(1275, 'Blessed Are the Dead'),
(1276, 'Pray For Blood'),
(1277, 'A Tout Le Monde (Set Me Free)'),
(1278, 'Amerikhastan'),
(1279, 'You''re Dead'),
(1280, 'Burnt Ice'),
(1281, 'Sucking my Love'),
(1282, 'The Prince'),
(1283, 'Jump in the Fire'),
(1284, 'Am I Evil'),
(1285, 'Whiplash'),
(1286, 'No Remorse'),
(1287, 'Breadfan'),
(1288, 'Trapped under the ice'),
(1289, 'Am I Evil (Lars vocals)'),
(1290, 'Disposable Heroes'),
(1291, 'Hit the Lights'),
(1292, 'The Four Horsemen'),
(1293, 'Motorbreath'),
(1294, '(Anesthesia) Pulling Teeth'),
(1295, 'Phantom Lord'),
(1296, 'Seek & Destroy'),
(1297, 'Metal Militia'),
(1298, 'Fight Fire With Fire'),
(1299, 'Ride The Lightning'),
(1300, 'For Whom The Bell Tolls'),
(1301, 'Trapped Under Ice'),
(1302, 'Escape'),
(1303, 'Creeping Death'),
(1304, 'The Call Of Ktulu'),
(1305, 'Battery'),
(1306, 'Master of Puppets'),
(1307, 'The Thing That Should Not Be'),
(1308, 'Welcome Home (Sanitarium)'),
(1309, 'Leper Messiah'),
(1310, 'Orion (Instrumental)'),
(1311, 'Damage, Inc.'),
(1312, 'Blackened'),
(1313, '...And Justice for All'),
(1314, 'Eye of the Beholder'),
(1315, 'The Shortest Straw'),
(1316, 'Harvester of Sorrow'),
(1317, 'The Frayed Ends of Sanity'),
(1318, 'To Live Is to Die'),
(1319, 'Dyers Eve'),
(1320, 'Backened'),
(1321, 'Welcome Home Sanitarium'),
(1322, 'Jason Solo'),
(1323, 'Seek And Destroy'),
(1324, 'And Justice For All'),
(1325, 'How Many More Times'),
(1326, 'Kirk Solo'),
(1327, 'Little Wing'),
(1328, 'Prowler'),
(1329, 'Helpless'),
(1330, 'The Wait'),
(1331, 'Last Caress'),
(1332, 'Enter Sandman'),
(1333, 'Sad But True'),
(1334, 'Holier Than Thou'),
(1335, 'The Unforgiven'),
(1336, 'Wherever I May Roam'),
(1337, 'Don''t Tread On Me'),
(1338, 'Through The Never'),
(1339, 'Nothing Else Matters'),
(1340, 'Of Wolf And Man'),
(1341, 'The God That Failed'),
(1342, 'My Friend Of Misery'),
(1343, 'The Struggle Within'),
(1344, 'Justice Medley'),
(1345, 'Solos (Bass/Guitar)'),
(1346, 'Stone Cold Crazy'),
(1347, 'Ain''t My Bitch'),
(1348, '2 X 4'),
(1349, 'The House Jack Built'),
(1350, 'Until It Sleeps'),
(1351, 'King Nothing'),
(1352, 'Hero Of The Day'),
(1353, 'Bleeding Me'),
(1354, 'Cure'),
(1355, 'Poor Twisted Me'),
(1356, 'Wasting My Hate'),
(1357, 'Mama Said'),
(1358, 'Thorn Within'),
(1359, 'Ronnie'),
(1360, 'The Outlaw Torn'),
(1361, 'The Memory Remains'),
(1362, 'Devil''s Dance'),
(1363, 'The Unforgiven II'),
(1364, 'Better Than You'),
(1365, 'Slither'),
(1366, 'Carpe Diem Baby'),
(1367, 'Bad Seed'),
(1368, 'Prince Charming'),
(1369, 'Low Man''s Lyric'),
(1370, 'Attitude'),
(1371, 'Fixxxer'),
(1372, 'Where The Wild Things Are'),
(1373, 'Free Speech For The Dumb'),
(1374, 'It''s Electric'),
(1375, 'Sabbra Cadabra'),
(1376, 'Turn The Page'),
(1377, 'Die, Die My Darling'),
(1378, 'Loverman'),
(1379, 'Mercyful Fate'),
(1380, 'Astronomy'),
(1381, 'Whiskey In The Jar'),
(1382, 'Tuesday''s Gone'),
(1383, 'The More I See'),
(1384, 'The Small Hours'),
(1385, 'Crash Course In Brain Surgery'),
(1386, 'Last Caress / Green Hell'),
(1387, 'Blitzkrieg'),
(1388, 'So What'),
(1389, 'Killing Time'),
(1390, 'Overkill'),
(1391, 'Damage Case'),
(1392, 'Stone Dead Forever'),
(1393, 'Too Late Too Late'),
(1394, 'Intro'),
(1395, 'Die Die Die'),
(1396, 'Whiskey in a Jar'),
(1397, 'Mercyful fate Medley'),
(1398, 'Am i Evil ?'),
(1399, 'Killing Tme'),
(1400, 'The Ecstasy Of Gold'),
(1401, 'No Leaf Clover'),
(1402, 'Human'),
(1403, 'Frantic'),
(1404, 'St. Anger'),
(1405, 'Some Kind Of Monster'),
(1406, 'Dirty Window'),
(1407, 'Invisible Kid'),
(1408, 'My World'),
(1409, 'Shoot Me Again'),
(1410, 'Sweet Amber'),
(1411, 'The Unnamed Feeling'),
(1412, 'Purify'),
(1413, 'All Within My Hands'),
(1414, 'Kirk Doodle #1'),
(1415, 'Junglessence'),
(1416, 'I Disappear'),
(1417, 'Melbourne'),
(1418, 'La France à peur'),
(1419, 'Merci la vie'),
(1420, 'Chanson du calvaire'),
(1421, 'Le Grand Jacques'),
(1422, 'L''age de tes artères'),
(1423, 'Le gout du citron'),
(1424, 'La Saint Glin Glin'),
(1425, 'L''amour à 100%'),
(1426, 'Phenoménal'),
(1427, 'La guerre c''était pas si mauvais'),
(1428, 'Psylo'),
(1429, 'Janis'),
(1430, 'Good bye green day'),
(1431, 'Star (I''ll Never Die)'),
(1432, 'Regarde les amants'),
(1433, 'Là'),
(1434, 'Tu dis mais ne sais pas'),
(1435, 'Ma Grand-Mère'),
(1436, '2,3 jours à Paris'),
(1437, 'Jeudi pop pop'),
(1438, 'Jean Moulin'),
(1439, 'Plus rien'),
(1440, 'Qui _'),
(1441, 'L''homme qui suivait les nuages'),
(1442, 'La trêve'),
(1443, 'Méfie-toi !'),
(1444, 'La tempête'),
(1445, 'Storiz'),
(1446, 'Amen'),
(1447, 'Respire'),
(1448, 'Mimoun, fils de Harki'),
(1449, 'Yalil (la fin des haricots)'),
(1450, 'Les gens raisonnables'),
(1451, 'Demain finira bien'),
(1452, 'Les enfants'),
(1453, 'La peur'),
(1454, 'La vallée'),
(1455, 'Ca m''étonne pas'),
(1456, 'Si j''étais toi'),
(1457, 'Chanson de rien du tout'),
(1458, 'La mort n''existe pas'),
(1459, 'Beauseigne'),
(1460, 'Rodéo'),
(1461, 'Matador'),
(1462, 'Le Sixième Sens'),
(1463, 'Réveille-Toi'),
(1464, 'La Mort Du Peuple'),
(1465, 'Quand On Avait 7 Ou 8 Ans'),
(1466, 'Il Faut Toujours Viser La Tête'),
(1467, 'Sparadrap'),
(1468, 'Compte Pas Sur Moi'),
(1469, 'Les Mots'),
(1470, 'Le Tube De L''été'),
(1471, 'La Chasse À La Vipère'),
(1472, 'Les Lumières Dans La Plaine'),
(1473, 'Une Nuit À La Terre-Plate'),
(1474, 'Grace Kelly'),
(1475, 'Lollipop'),
(1476, 'My Interpretation'),
(1477, 'Love Today'),
(1478, 'Relax, Take It Easy'),
(1479, 'Any Other World'),
(1480, 'Billy Brown'),
(1481, 'Big Girl (You Are Beautiful)'),
(1482, 'Stuck In The Middle'),
(1483, 'Happy Ending'),
(1484, 'Dawna'),
(1485, 'Buena'),
(1486, 'I''m Free Now'),
(1487, 'All Wrong'),
(1488, 'Candy'),
(1489, 'A Head With Wings'),
(1490, 'In Spite Of Me'),
(1491, 'Thursday'),
(1492, 'Cure For Pain'),
(1493, 'Mary Won''t You Call My Name?'),
(1494, 'Let''s Take A Trip Together'),
(1495, 'Sheila'),
(1496, 'Miles Davis'' Funeral'),
(1497, 'Honey White'),
(1498, 'Scratch'),
(1499, 'Radar'),
(1500, 'Yes'),
(1501, 'All Your Way'),
(1502, 'Super Sex'),
(1503, 'I Had My Chance'),
(1504, 'The Jury'),
(1505, 'Sharks'),
(1506, 'Free Love'),
(1507, 'Gone For Good'),
(1508, 'Lilah'),
(1509, 'Potion'),
(1510, 'I know you (Part III)'),
(1511, 'Early to bed'),
(1512, 'Wishing well'),
(1513, 'Like swimming'),
(1514, 'Murder for the money'),
(1515, 'French fries with pepper'),
(1516, 'Empty box'),
(1517, 'Eleven o''clock'),
(1518, 'Hanging on a curtain'),
(1519, 'Swing it low'),
(1520, 'Deadmen Tell No Tales'),
(1521, 'Lawman'),
(1522, 'Sweet Revenge'),
(1523, 'Sharpshooter'),
(1524, 'Poison'),
(1525, 'All The Aces'),
(1526, 'Step Down'),
(1527, 'Talking Head'),
(1528, 'Bomber'),
(1529, 'Ace Of Spades'),
(1530, 'Love Me Like A Reptile'),
(1531, 'Shoot You In The Back'),
(1532, 'Live To Win'),
(1533, 'Fast And Loose'),
(1534, '(We Are) The Road Crew'),
(1535, 'Fire, Fire'),
(1536, 'Jail Bait'),
(1537, 'Dance'),
(1538, 'The Chase Is Better Than The Catch'),
(1539, 'The Hammer'),
(1540, 'Back At The Funny Farm'),
(1541, 'Dancing On Your Grave'),
(1542, 'Rock It'),
(1543, 'One Mind'),
(1544, 'Another Perfect Day'),
(1545, 'Marching Off To War'),
(1546, 'I Got Mine'),
(1547, 'Tales Of Glory'),
(1548, 'Die You Bastard'),
(1549, 'Turn You Round'),
(1550, 'Hoochie Coochie Man (Live)'),
(1551, '(Don''t Need) Religion (Live)'),
(1552, 'Sacrifice'),
(1553, 'Sex and Death'),
(1554, 'Over Your Shoulder'),
(1555, 'War For War'),
(1556, 'Order Fade to Black'),
(1557, 'Dog Face Boy'),
(1558, 'All Gone to Hell'),
(1559, 'Make Em Blind'),
(1560, 'Don T Waste Your Time'),
(1561, 'In Another Time'),
(1562, 'Out Ot the Sun'),
(1563, 'See Me Burning'),
(1564, 'Slow Dance'),
(1565, 'Stay Out Of Jail'),
(1566, 'God Save The Queen'),
(1567, 'Out To Lunch'),
(1568, 'Wake The Dead'),
(1569, 'One More Fucking Time'),
(1570, 'Stagefright _ Crash & Burn'),
(1571, '(Wearing Your) Heart On Your S'),
(1572, 'We Are Motörhead'),
(1573, 'Optimist or Pessimist'),
(1574, 'Matricide'),
(1575, 'In Memory'),
(1576, 'Silent Hedges Double Dare'),
(1577, 'The Sorrowed Man'),
(1578, 'Narcosynthesis'),
(1579, 'We Disintegrate'),
(1580, 'Inside Four Walls'),
(1581, 'Evolution 169'),
(1582, 'The River Dragon Has Come'),
(1583, 'The Heart Collector'),
(1584, 'Engines Of Hate'),
(1585, 'The Sound Of Silence'),
(1586, 'Insignificant'),
(1587, 'Believe In Nothing'),
(1588, 'Dead Heart In A Dead World'),
(1589, 'Qui sommes nous?'),
(1590, 'Enervé'),
(1591, 'Petite fable'),
(1592, 'J''aime pas l''amour'),
(1593, 'Pas si vieille'),
(1594, 'Le tango du qui'),
(1595, 'De l''air'),
(1596, 'De toi à moi'),
(1597, 'La dispute'),
(1598, 'Les vieux amoureux'),
(1599, 'L''absente'),
(1600, 'Malaguena'),
(1601, 'J''traine des pieds'),
(1602, 'La femme chocolat'),
(1603, 'I need a child'),
(1604, 'Non-dits (Christian Olivier des Têtes Raides)'),
(1605, 'Thérapie de groupe'),
(1606, 'La petite valse de Narbonne plage'),
(1607, 'Quijote'),
(1608, 'Cabaret blanc (Christophe Mali du groupe Tryo)'),
(1609, 'Goutez-moi'),
(1610, 'La petite voleuse'),
(1611, 'La fille du vent'),
(1612, 'De toi à moi II'),
(1613, 'La Molinera'),
(1614, 'Ride My Rocket'),
(1615, 'I''ll Be Alright'),
(1616, 'Tell Me If You Want It'),
(1617, 'Latest Lover'),
(1618, 'Biggest Part Of Me'),
(1619, 'Metal Magic'),
(1620, 'Widowmaker'),
(1621, 'Nothin'' On (But The Radio)'),
(1622, 'Sad Lover'),
(1623, 'Rock Out'),
(1624, 'All Over Tonight'),
(1625, 'Out For Blood'),
(1626, 'Blue Light Turnin'' Red'),
(1627, 'Like Fire'),
(1628, 'In Over My Head'),
(1629, 'Projects In The Jungle'),
(1630, 'Heavy Metal Rules'),
(1631, 'Only A Heartbeat Away'),
(1632, 'Killers (Iron Maiden Cover)'),
(1633, 'Takin'' My Life'),
(1634, 'Hot And Heavy'),
(1635, 'I Am The Night'),
(1636, 'Onward We Rock'),
(1637, 'D-G-T-T-M'),
(1638, 'Daughters Of The Queen'),
(1639, 'Down Below'),
(1640, 'Come-On Eyes'),
(1641, 'Right On The Edge'),
(1642, 'Valhalla'),
(1643, 'Forever Tonight'),
(1644, 'Rock the World'),
(1645, 'Power Metal'),
(1646, 'We''ll Meet Again'),
(1647, 'Over and Out'),
(1648, 'Proud to Be Loud'),
(1649, 'Death Trap'),
(1650, 'Hard Ride'),
(1651, 'Burnnn!'),
(1652, 'P*S*T*88'),
(1653, 'Cowboys From Hell'),
(1654, 'Primal Concrete Sledge'),
(1655, 'Psycho Holiday'),
(1656, 'Heresy'),
(1657, 'Cemetery Gates'),
(1658, 'Domination'),
(1659, 'Shattered'),
(1660, 'Clash With Reality'),
(1661, 'Medicine Man'),
(1662, 'Message In Blood'),
(1663, 'The Sleep'),
(1664, 'The Art Of Shredding'),
(1665, 'Mouth For War'),
(1666, 'A New Level'),
(1667, 'Walk'),
(1668, 'Fucking Hostile'),
(1669, 'This Love'),
(1670, 'Rise'),
(1671, 'No Good (Attack The Radical)'),
(1672, 'Living In A Hole'),
(1673, 'Regular People (Conceit)'),
(1674, 'By Demons Be Driven'),
(1675, 'Hollow'),
(1676, 'Arnold Sweared'),
(1677, 'Strength Beyond Strength'),
(1678, 'Becoming'),
(1679, '5 Minutes Alone'),
(1680, 'I''m Broken'),
(1681, 'Good Friends And A Bottle Of Pills'),
(1682, 'Hard Lines, Sunken Cheeks'),
(1683, 'Slaughtered'),
(1684, '25 Years'),
(1685, 'Shedding Skin'),
(1686, 'Use My Third Arm'),
(1687, 'Throes of Rejection'),
(1688, 'Planet Caravan'),
(1689, 'The Great Southern Trendkill'),
(1690, 'War Nerve'),
(1691, 'Drag the Waters'),
(1692, '10''s'),
(1693, '13 Steps to Nowhere'),
(1694, 'Suicide Note Pt. I'),
(1695, 'Suicide Note Pt. II'),
(1696, 'Living Through Me (Hells'' Wrath)'),
(1697, 'Floods'),
(1698, 'The Underground in America'),
(1699, '(Reprise) Sandblasted Skin'),
(1700, 'New Level'),
(1701, 'Sandblasted Skin'),
(1702, 'Suicide Note Pt. 2'),
(1703, 'Dom/Hollow'),
(1704, 'Hostile'),
(1705, 'Where You Come From'),
(1706, 'I Can''t Hide'),
(1707, 'HellBound'),
(1708, 'Goddamn Electric'),
(1709, 'Yesterday Don''t Mean Shit'),
(1710, 'You''ve Got To Belong To It'),
(1711, 'Revolution Is My Name'),
(1712, 'Death Rattle'),
(1713, 'We''ll Grind That Axe For A Long Time'),
(1714, 'UpLift'),
(1715, 'It Makes Them Disappear'),
(1716, 'I''ll Cast A Shadow'),
(1717, 'Jenny Don''t Be Hasty'),
(1718, 'Last Request'),
(1719, 'Rewind'),
(1720, 'Million Faces'),
(1721, 'These Streets'),
(1722, 'New Shoes'),
(1723, 'White Lies'),
(1724, 'Loving You'),
(1725, 'Autumn'),
(1726, 'Alloway Grove'),
(1727, 'Bulletproof Cupid'),
(1728, 'English Summer Rain'),
(1729, 'This Picture'),
(1730, 'Sleeping With Ghosts'),
(1731, 'The Bitter End'),
(1732, 'Something Rotten'),
(1733, 'Plasticine'),
(1734, 'Special Needs'),
(1735, 'I''ll Be Yours'),
(1736, 'Second Sight'),
(1737, 'Protect Me From What I Want'),
(1738, 'Centrefolds'),
(1739, 'These Hands'),
(1740, 'Beat the World'),
(1741, 'Melt Me Down'),
(1742, 'Enough'),
(1743, 'Dehydration'),
(1744, 'Stares'),
(1745, 'Pieces'),
(1746, 'New Wave'),
(1747, 'Even Worse'),
(1748, 'Proven'),
(1749, 'Into Yesterday'),
(1750, 'For Dear Life'),
(1751, 'Steady Decline'),
(1752, 'Beg to Differ'),
(1753, 'Lost and Found'),
(1754, 'Your Fear'),
(1755, 'Take It in Hand'),
(1756, 'Intermenstrual, DSB'),
(1757, 'Right to Nothing'),
(1758, 'Prime Cut'),
(1759, 'Just the Same'),
(1760, 'Third From the Sun'),
(1761, 'Irrelevant Thoughts'),
(1762, 'Unconditional'),
(1763, 'Positively Blind'),
(1764, 'Prove You Wrong'),
(1765, 'Hell if I Could'),
(1766, 'Pointless'),
(1767, 'Contradictions'),
(1768, 'Torn Between'),
(1769, 'Brainwave'),
(1770, 'Territorial Rites'),
(1771, 'Get a Grip (on Yourself)'),
(1772, 'Shouldn''t Have Bothered'),
(1773, 'No Way to Deny It'),
(1774, 'Another Worldly Device'),
(1775, 'Whose Fist Is This Anyway-'),
(1776, 'Snap Your Fingers, Snap Your Neck'),
(1777, 'Cut-rate'),
(1778, 'Broken Peace'),
(1779, 'One Outnumbered'),
(1780, 'Out of This Misery'),
(1781, 'No Question'),
(1782, 'Not of This Earth'),
(1783, 'Home Rule'),
(1784, 'Sublime'),
(1785, 'Test'),
(1786, 'Controller'),
(1787, 'Caprice'),
(1788, 'Rude Awakening'),
(1789, 'Unfortunately'),
(1790, 'Face Value'),
(1791, 'Avenue of the Finset'),
(1792, 'Slicing'),
(1793, 'Without Hope'),
(1794, 'Mansruin'),
(1795, 'Innocence Gone'),
(1796, 'Dark Signs'),
(1797, 'Close the Door'),
(1798, 'Proud Division'),
(1799, 'Looking For Them'),
(1800, 'No Justice'),
(1801, '3rd Option'),
(1802, 'Pure Ether'),
(1803, 'Power Of the Damager'),
(1804, 'The Banishment'),
(1805, 'Worst Of it'),
(1806, 'Spirit Guide'),
(1807, 'Messages Inside Of Me'),
(1808, 'Can''t Stop The Bleeding'),
(1809, 'Bad Fall'),
(1810, 'Changing Ending Troubling Times'),
(1811, 'Tie Your Mother Down'),
(1812, 'You Take My Breath Away'),
(1813, 'Long Away'),
(1814, 'The Millionaire Waltz'),
(1815, 'Somebody To Love'),
(1816, 'White Man'),
(1817, 'Good Old Fashioned Lover Boy'),
(1818, 'Drowse'),
(1819, 'Teo Torriatte (Let Us Cling To'),
(1820, 'Too Much Love Will Kill You'),
(1821, 'Appointment'),
(1822, 'She Was Once My Friend'),
(1823, 'I Need Time'),
(1824, 'Soundcheck'),
(1825, 'Shout Bama Lama'),
(1826, 'Hangman'),
(1827, 'Man From Manhattan'),
(1828, 'Now I m Here'),
(1829, 'If You Can t Beat Them'),
(1830, 'Attack Of The Hawk Men'),
(1831, 'Save Me'),
(1832, 'Flash-The Hero'),
(1833, 'Who Wants To Live Forever'),
(1834, 'Hold On'),
(1835, 'Dog With A Bone'),
(1836, 'The Hitman'),
(1837, 'Improvisation'),
(1838, 'A Kind Of Magic'),
(1839, 'We Will Rock You'),
(1840, 'I Want It All'),
(1841, 'Seven Seas of Ryhe'),
(1842, 'I Can''t Live With You (1997 Rocks'' Retake)'),
(1843, 'Hammer To Fall'),
(1844, 'Now I''m Here'),
(1845, 'Fat Bottom Girls'),
(1846, 'Keep Yourself Alive'),
(1847, 'Tear It Up'),
(1848, 'One Vision'),
(1849, 'Sheer Heart Attack'),
(1850, 'I''m In Love With My Car'),
(1851, 'Put Out The Fire'),
(1852, 'Headlong'),
(1853, 'It''s Late'),
(1854, 'No-One But You (Only The Good Die Young)'),
(1855, 'Leave Me Alone'),
(1856, 'Rock ''N'' Roll Lies'),
(1857, 'Vice'),
(1858, 'Up All Night'),
(1859, 'Which Way Is Out'),
(1860, 'Rip It Up'),
(1861, 'Dalston'),
(1862, 'Golden Touch'),
(1863, 'Stumble And Fall'),
(1864, 'Get It And Go'),
(1865, 'In The City'),
(1866, 'To The Sea'),
(1867, 'Fall, Fall, Fall'),
(1868, 'Somewhere Else'),
(1869, 'True Men Don''t Kill Coyotes'),
(1870, 'Baby Appeal'),
(1871, 'Buckle Down'),
(1872, 'Get up and Jump'),
(1873, 'Why don''t you Love me'),
(1874, 'Green Heaven'),
(1875, 'Mommy Where''s Daddy'),
(1876, 'Out in L.A.'),
(1877, 'Police Helicopter'),
(1878, 'YOU ALWAYS SING'),
(1879, 'Grand Pappy Du Plenty'),
(1880, 'Get Up and Jump (demo)'),
(1881, 'Police Helicopter (demo)'),
(1882, 'Out in L.A. (demo)'),
(1883, 'Green Heaven (demo)'),
(1884, 'What It Is (aka Nina''s Song) ('),
(1885, 'Jungle Man'),
(1886, 'Hollywood'),
(1887, 'American Ghost Dance'),
(1888, 'If You Want me to Stay'),
(1889, 'Nevermind'),
(1890, 'Freaky Style'),
(1891, 'Blackeyed Blonde'),
(1892, 'The Brothers Cup'),
(1893, 'Battle Ship'),
(1894, 'Lovin'' and Touchin'''),
(1895, 'Catholic School Girls Rule'),
(1896, 'Sex Rap'),
(1897, 'Thirty Dirty Birds'),
(1898, 'Yertle the Turtle'),
(1899, 'Nevermind (Demo)'),
(1900, 'Sex Rap (Demo)'),
(1901, 'Freaky Styley (Original Long Version)'),
(1902, 'Millionaires Against Hunger'),
(1903, 'Fire'),
(1904, 'Backwoods'),
(1905, 'Hollywood (Africa)'),
(1906, 'Good Time Boys'),
(1907, 'Higher Ground'),
(1908, 'Subway To Venus'),
(1909, 'Magic Johnson'),
(1910, 'Knock Me Down'),
(1911, 'Taste the Pain'),
(1912, 'Stone Cold Bush'),
(1913, 'Pretty Little Ditty'),
(1914, 'Punk Rock Classic'),
(1915, 'Sexy Mexican Maid'),
(1916, 'Johnny, Kick A Hole In The Sky'),
(1917, 'The Power Of Equality'),
(1918, 'If You Have to Ask'),
(1919, 'Breaking the Girl'),
(1920, 'Funky Monks'),
(1921, 'Suck My Kiss'),
(1922, 'I Could Have Lied'),
(1923, 'Mellowship Slinky in B Major'),
(1924, 'The Righteous and the Wicked'),
(1925, 'Give It A Way'),
(1926, 'Blood Sugar Sex Magik'),
(1927, 'Under The Bridge'),
(1928, 'Naked in the Rain'),
(1929, 'Apache Rose Peacock'),
(1930, 'The Greeting Song'),
(1931, 'My Lovely Man'),
(1932, 'Sir Psycho Sexy'),
(1933, 'They''re Red Hot'),
(1934, 'Fight Like a Brave'),
(1935, 'Behind the Sun'),
(1936, 'Me & My Friends'),
(1937, 'Show Me Your Soul'),
(1938, 'Johnny Kick a Hole in the Sky'),
(1939, 'Higher Ground (12'''' vocal mix)'),
(1940, 'Hollywood (Extended dance mix)'),
(1941, 'If You Want Me To Stay (Pink Mustang mix)'),
(1942, 'Behind The Sun (Ben Grosse mix)'),
(1943, 'Castles Made of Sand'),
(1944, 'Special Secret Song Inside'),
(1945, 'F. U.'),
(1946, 'Out In LA (demo)'),
(1947, 'Blues For Meister'),
(1948, 'You Always Sing The Same'),
(1949, 'Stranded'),
(1950, 'Flea Fly'),
(1951, 'What It Is'),
(1952, 'Deck The Halls'),
(1953, 'Warped'),
(1954, 'Aeroplane'),
(1955, 'Deep Kick'),
(1956, 'My Friends'),
(1957, 'Coffee Shop'),
(1958, 'Pea'),
(1959, 'One Big Mob'),
(1960, 'Walkabout'),
(1961, 'Tearjerker'),
(1962, 'One Hot Minute'),
(1963, 'Falling Into Grace'),
(1964, 'Shallow Be Thy Game'),
(1965, 'Transcending'),
(1966, 'Tiny Dancer (Live)'),
(1967, 'Castles Made Of Sand (Live)'),
(1968, 'Dr. Funkenstein (Live)'),
(1969, 'Search And Destroy'),
(1970, 'Higher Ground (Daddy-O Mix)'),
(1971, 'Hollywood (Africa) (Extended Dance Mix)'),
(1972, 'Around The World'),
(1973, 'Parallel Universe'),
(1974, 'Scar Tissue'),
(1975, 'Otherside'),
(1976, 'Get On Top'),
(1977, 'Californication'),
(1978, 'Easily'),
(1979, 'Porcelain'),
(1980, 'Emit Remmus'),
(1981, 'I Like Dirt'),
(1982, 'This Velvet Glove'),
(1983, 'Savior'),
(1984, 'Purple Stain'),
(1985, 'Right On Time'),
(1986, 'Road Trippin'''),
(1987, 'By The Way'),
(1988, 'Universally Speaking'),
(1989, 'This Is The Place'),
(1990, 'Dosed'),
(1991, 'Don''t Forget Me'),
(1992, 'The Zephyr Song'),
(1993, 'Can''t Stop'),
(1994, 'I Could Die For You'),
(1995, 'Midnight'),
(1996, 'Throw Away Your Television'),
(1997, 'Cabron'),
(1998, 'Tear'),
(1999, 'On Mercury'),
(2000, 'Minor Thing'),
(2001, 'Warm Tape'),
(2002, 'Venice Queen'),
(2003, 'Give It Away'),
(2004, 'Soul To Squeeze'),
(2005, 'Road Trippin'),
(2006, 'Fortune Faded'),
(2007, 'Save The Population'),
(2008, 'Havana Affair'),
(2009, 'Power Of Equality'),
(2010, 'Outro'),
(2011, 'Funky Crime'),
(2012, 'Me And My Friends'),
(2013, 'Skinny Sweaty Man'),
(2014, 'Party On Your P***y'),
(2015, 'No Chump Love Sucker'),
(2016, 'Walkin'' On Down The Road'),
(2017, 'Love Trilogy'),
(2018, 'Organic Anti-Beat Box Band'),
(2019, 'I Feel Love'),
(2020, 'Brandy'),
(2021, 'Rolling Sly Stone'),
(2022, 'Leverage of Space'),
(2023, 'Drum Homage Medley');
INSERT INTO `morceau` (`id`, `nom`) VALUES
(2024, 'Black Cross'),
(2025, 'Flea’s Trumpet Treated by John'),
(2026, 'Dani California'),
(2027, 'Snow (Hey Oh)'),
(2028, 'Charlie'),
(2029, 'Stadium Arcadium'),
(2030, 'Hump De Bump'),
(2031, 'Shes Only 18'),
(2032, 'Slow Cheetah'),
(2033, 'Torture Me'),
(2034, 'Strip My Mind'),
(2035, 'Especially In Michigan'),
(2036, 'Warlocks'),
(2037, 'Cmon Girl'),
(2038, 'Wet Sand'),
(2039, 'Hey'),
(2040, 'Desecration Smile'),
(2041, 'Tell Me Baby'),
(2042, 'Hard to Concentrate'),
(2043, '21st Century'),
(2044, 'She Looks To Me'),
(2045, 'Readymade'),
(2046, 'If'),
(2047, 'Make You Feel Better'),
(2048, 'Animal Bar'),
(2049, 'So Much I'),
(2050, 'Storm In A Teacup'),
(2051, 'We Believe'),
(2052, 'Turn It Again'),
(2053, 'Death of a Martian'),
(2054, 'Nobody Weird Like Me'),
(2055, 'When Horsepower Meant What It Said'),
(2056, 'I Wish I Was A Punk Rocker (With Flowers In My Hair)'),
(2057, 'Lonely Girl'),
(2058, 'Sunset Borderline'),
(2059, 'Little Remedy'),
(2060, 'Castles'),
(2061, 'What If I''M Right'),
(2062, 'Superman'),
(2063, 'The Human Jukebox'),
(2064, 'Demolissons les mots'),
(2065, 'Comment seduire une femme mariee'),
(2066, 'Exactement'),
(2067, 'Cette conne m''ennuie'),
(2068, 'J''ai un homme dans ma vie'),
(2069, '10 jours avant Paris'),
(2070, 'Il se la pete'),
(2071, 'Dans la maison sur le port'),
(2072, 'Les ouvriers'),
(2073, 'Andre superstar'),
(2074, 'La valse à Peggy'),
(2075, 'Le swing du President'),
(2076, 'Exactemando'),
(2077, 'Home'),
(2078, 'Denial'),
(2079, 'Headtrip'),
(2080, 'Insecure'),
(2081, 'Reconnect'),
(2082, 'Waffle'),
(2083, 'Rumble Fish'),
(2084, 'Licking Cream'),
(2085, 'Grasp'),
(2086, 'Crumpled'),
(2087, 'Feel So'),
(2088, 'Grasshopper'),
(2089, 'Bender'),
(2090, 'Damaged'),
(2091, 'Crucified'),
(2092, 'Follow Feat. Aaron Lewis'),
(2093, 'X-Mas Day'),
(2094, 'Dead Set'),
(2095, 'Praise'),
(2096, 'Redefine'),
(2097, 'Beautiful'),
(2098, 'Live Again'),
(2099, 'Disease'),
(2100, 'Enemy'),
(2101, 'Seasons'),
(2102, 'Broken Down'),
(2103, 'Separate'),
(2104, 'Honesty'),
(2105, 'Skeleton Song'),
(2106, 'Disgrace'),
(2107, 'Burned Out'),
(2108, 'Suffocate'),
(2109, 'Face to Face'),
(2110, 'Hero'),
(2111, 'Ugly'),
(2112, 'Silence'),
(2113, 'This Life'),
(2114, 'Failure'),
(2115, 'See And Believe'),
(2116, 'The Last Song'),
(2117, 'Desertion'),
(2118, 'Never'),
(2119, 'Shadows In Red'),
(2120, 'Deathstar'),
(2121, 'Clueless'),
(2122, 'Driven'),
(2123, 'Feed'),
(2124, 'Suffer'),
(2125, 'Under'),
(2126, 'Story Of Your Life'),
(2127, 'Confessions Of Hatred'),
(2128, 'Aggression'),
(2129, 'Burn'),
(2130, 'Alpha'),
(2131, 'Man! I Feel Like A Woman!'),
(2132, 'Honey, I''m Home'),
(2133, 'You Win My Love'),
(2134, 'Whose Bed Have Your Boots Been Under'),
(2135, 'You''re Still The One'),
(2136, 'I Won''t Leave You Lonely'),
(2137, 'Come On Over'),
(2138, 'Love Gets Me Every Time'),
(2139, 'I''m Holdin'' On To Love (To Save My Life)'),
(2140, 'Medley Home Ain''t Where His Heart Is You''ve Got Away'),
(2141, 'That Don''t Impress Me Much'),
(2142, 'If It Don''t Take Two'),
(2143, 'Black Eyes, Blue Tears'),
(2144, 'God Bless The Child'),
(2145, 'To Daddy'),
(2146, 'What Made You Say That'),
(2147, 'No One Needs To Know'),
(2148, 'Any Man Of Mine'),
(2149, 'Don''t Be Stupid (You Know I Love You)'),
(2150, 'From This Moment On'),
(2151, '(If You''re Not In It For Love) I''m Outta Here'),
(2152, 'Any Man Of Mine (Reprise)'),
(2153, 'Rock This Country!'),
(2154, 'Up !'),
(2155, 'I''m Gonna Getcha Good !'),
(2156, 'She''s Not Just A Pretty Face'),
(2157, 'Juanita'),
(2158, 'Forever And For Always'),
(2159, 'Ain''t No Particular Way'),
(2160, 'It Only Hurts When I''m Breathing'),
(2161, 'Nah !'),
(2162, '(Wanna Get To Know You) That Good !'),
(2163, 'C''est La Vie'),
(2164, 'I''m Jealous'),
(2165, 'Ka-Ching !'),
(2166, 'Thank You Baby ! (For Makin'' Someday Come So Soon)'),
(2167, 'Waiter ! Bring Me Water !'),
(2168, 'What A Way To Wanna Be !'),
(2169, 'I Ain''t Goin'' Down'),
(2170, 'I''m Not In The Mood (To Say No) !'),
(2171, 'In My Car (I''ll Be The Driver)'),
(2172, 'When You Kiss Me'),
(2173, 'Man ! I Feel Like a Woman'),
(2174, 'Whose Bed Have Your Boots Been Under ?'),
(2175, 'Love Gets Me Everytime'),
(2176, 'I''m Holding On To Love (To Save My Life)'),
(2177, '(If You''re Not In It For Love) I''m Outta Here !'),
(2178, 'Rock This Country'),
(2179, 'Monkey Business'),
(2180, 'Slave to the Grind'),
(2181, 'The Threat'),
(2182, 'Quicksand Jesus'),
(2183, 'Psycho Love'),
(2184, 'Get the Fuck Out'),
(2185, 'Livin on a Chain Gang'),
(2186, 'Creepshow'),
(2187, 'In a Darkened Room'),
(2188, 'Riot Act'),
(2189, 'Mudkicker'),
(2190, 'Wasted Time'),
(2191, 'My Enemy'),
(2192, 'Firesign'),
(2193, 'Bonehead'),
(2194, 'Beat Yourself Blind'),
(2195, 'Eileen'),
(2196, 'Remains To Be Seen'),
(2197, 'Subhuman Race'),
(2198, 'Frozen'),
(2199, 'Into Another'),
(2200, 'Face Against My Soul'),
(2201, 'Medicine jar'),
(2202, 'Breakin'' Down'),
(2203, 'Black Magic'),
(2204, 'Die By The Sword'),
(2205, 'Captor Of Sin'),
(2206, 'The Antichrist'),
(2207, 'Evil Has No Boundaries'),
(2208, 'Show No Mercy'),
(2209, 'Aggressive Perfector'),
(2210, 'Chemical Warfare'),
(2211, 'Hell Awaits'),
(2212, 'The Anti-Christ'),
(2213, 'War Ensemble'),
(2214, 'South of Heaven'),
(2215, 'Raining Blood'),
(2216, 'Altar of Sacrifices'),
(2217, 'Jesus Saves'),
(2218, 'Dead Skin Mask'),
(2219, 'Seasons in the Abyss'),
(2220, 'Mandatory Suicide'),
(2221, 'Angel of Death'),
(2222, 'Hallowed Point'),
(2223, 'Blood Red'),
(2224, 'Born of Fire'),
(2225, 'Postmortem'),
(2226, 'Spirit in Black'),
(2227, 'Expendable Youth'),
(2228, 'Killing Fields'),
(2229, 'Sex. Murder. Art.'),
(2230, 'Fictional Reality'),
(2231, 'Dittohead'),
(2232, 'Divine Intervention'),
(2233, 'Circle Of Beliefs'),
(2234, 'SS-3'),
(2235, 'Serenity In Murder'),
(2236, '213'),
(2237, 'Mind Control'),
(2238, 'Slayer / Disintegration / Free Money'),
(2239, 'Slayer / Verbal Abuse / Leeches'),
(2240, 'Slayer / Abolish Government / Superficial Love'),
(2241, 'Can''t Stand You'),
(2242, 'Ddamm'),
(2243, 'Guilty Of Being White'),
(2244, 'I Hate You'),
(2245, 'Slayer / Filler / I Don''t Want To Hear It'),
(2246, 'Spiritual Law'),
(2247, 'Sick Boy'),
(2248, 'Mr. Freeze'),
(2249, 'Violent Pacification'),
(2250, 'Richard Hung Himself'),
(2251, 'I''m Gonna Be Your God'),
(2252, 'Gemini'),
(2253, 'Flesh Storm'),
(2254, 'Catalyst'),
(2255, 'Eyes of the Insane'),
(2256, 'Jihad'),
(2257, 'Skeleton Christ'),
(2258, 'Consfearacy'),
(2259, 'Black Serenade'),
(2260, 'Catatonic'),
(2261, 'Cult'),
(2262, 'Supremist'),
(2263, '7,43E+11'),
(2264, '(sic)'),
(2265, 'eyeless'),
(2266, 'wait and bleed'),
(2267, 'surfacing'),
(2268, 'spit it out'),
(2269, 'tattered & torn'),
(2270, 'Me Inside'),
(2271, 'liberate'),
(2272, 'prosthetics'),
(2273, 'no life'),
(2274, 'Diluted'),
(2275, 'only one'),
(2276, 'Scissors'),
(2277, 'slipknot - get this'),
(2278, '-515'),
(2279, 'People = Shit'),
(2280, 'Disasterpiece'),
(2281, 'My Plague'),
(2282, 'Everything Ends'),
(2283, 'The Heretic Anthem'),
(2284, 'Gently'),
(2285, 'Left Behind'),
(2286, 'The Shape'),
(2287, 'I Am Hated'),
(2288, 'Skin Ticket'),
(2289, 'New Abortion'),
(2290, 'Metabolic'),
(2291, 'Iowa'),
(2292, 'Prelude 3.0'),
(2293, 'The Blister Exists'),
(2294, 'Three Nil'),
(2295, 'Duality'),
(2296, 'Opium Of The People'),
(2297, 'Circle'),
(2298, 'Welcome'),
(2299, 'Vermilion'),
(2300, 'Pulse Of The Maggots'),
(2301, 'Before I Forget'),
(2302, 'Vermilion PT.2'),
(2303, 'The Nameless'),
(2304, 'The Virus Of Life'),
(2305, 'Danger - Keep Away'),
(2306, 'scream'),
(2307, 'Vermillion'),
(2308, 'Purity'),
(2309, 'Drum Solo'),
(2310, 'Eeyore'),
(2311, 'Get This'),
(2312, 'Surgery'),
(2313, 'That''s Ridiculous'),
(2314, 'Sometimes'),
(2315, 'I Can''t Believe'),
(2316, 'Tar Poo'),
(2317, 'Funk Milk'),
(2318, 'Simple Woman'),
(2319, 'Bertha'),
(2320, 'Voices Again'),
(2321, 'Tumult'),
(2322, 'Super Skin'),
(2323, 'Monolith'),
(2324, 'Faux Pax'),
(2325, 'Maybe When I Die I''ll Meet Elv'),
(2326, 'Take A Number'),
(2327, 'Bedanya'),
(2328, 'September'),
(2329, 'Inherited'),
(2330, 'Things Like Raisins'),
(2331, 'Mother''s Ghost (Acoustic Orche'),
(2332, 'Get Inside'),
(2333, 'Orchids'),
(2334, 'Cold Reader'),
(2335, 'Blotter'),
(2336, 'Choose'),
(2337, 'Inhale'),
(2338, 'Bother'),
(2339, 'Blue Study'),
(2340, 'Idle Hands'),
(2341, 'Omega'),
(2342, 'Rules Of Evidence'),
(2343, 'The Wicked'),
(2344, 'Inside The Cynic'),
(2345, 'Kill Everybody'),
(2346, 'Road Hogs'),
(2347, '30/30-150'),
(2348, 'Come What(ever) May'),
(2349, 'Hell & Consequences'),
(2350, 'Sillyworld'),
(2351, 'Made Of Scars'),
(2352, 'Reborn'),
(2353, 'Your God'),
(2354, 'Through Glass'),
(2355, 'Socio'),
(2356, '1st Person'),
(2357, 'Cardiff'),
(2358, 'Zzyxz Rd.'),
(2359, 'Suicide''s An Alternative / You''ll Be Sorry'),
(2360, 'Two Sides Politics'),
(2361, 'I Shot The Devil'),
(2362, 'Subliminal'),
(2363, 'Won''t Fall In Love Today'),
(2364, 'Institutionalised'),
(2365, 'Memories Of Tomorrow'),
(2366, 'Possessed'),
(2367, 'I Saw Your Mommy'),
(2368, 'Fascist Pig'),
(2369, 'I Want More'),
(2370, 'Suicidal Failure'),
(2371, 'Possessed To Skate'),
(2372, 'Human Guinea Pig'),
(2373, 'Two Wrongs Don''t Make A Right (But They Make Me Feel A Lot Better)'),
(2374, 'Suicidal Maniac'),
(2375, 'Join The Army'),
(2376, 'You Got, I Want'),
(2377, 'A Little Each Day'),
(2378, 'The Prisoner'),
(2379, 'War Inside My Head'),
(2380, 'I Feel Your Pain'),
(2381, 'No Name, No Words'),
(2382, 'Cyco'),
(2383, 'Two Wrongs Don''t Make A Right'),
(2384, 'Looking In Your Eyes'),
(2385, 'Trip At The Brain'),
(2386, 'Hearing Voices'),
(2387, 'Pledge Your Allegiance'),
(2388, 'How Will I Laugh Tomorrow'),
(2389, 'The Miracle'),
(2390, 'Suicyco Mania'),
(2391, 'Surf And Slam'),
(2392, 'If I Don''t Wake Up'),
(2393, 'Sorry?!'),
(2394, 'One Too Many Times'),
(2395, 'The Feeling''s Back'),
(2396, 'Master Of No Mercy'),
(2397, 'Just Another Love Song'),
(2398, 'Waking The Dead'),
(2399, 'Controlled by Hatred'),
(2400, 'Choosing My Own Way of Life'),
(2401, 'Feel Like Shit....Deja-Vu'),
(2402, 'It''s Not Easy'),
(2403, 'How Will I Laugh Tomorrow (Heavy Emotion Version)'),
(2404, 'You Can''t Bring Me Down'),
(2405, 'Lost Again'),
(2406, 'Alone'),
(2407, 'Lovely'),
(2408, 'Give It Revolution'),
(2409, 'Get Whacked'),
(2410, 'Send Me Your Money'),
(2411, 'Emotion No. 13'),
(2412, 'Disco''s Out, Murder''s In'),
(2413, 'Go''n Breakdown'),
(2414, 'Suicide Is An Alternative'),
(2415, 'Institutionalized'),
(2416, 'I Feel Your Pain And I Survive'),
(2417, 'Suicide''s An Alternative'),
(2418, 'Two-Sided Politics'),
(2419, 'Don''t Give Me Your Nothin'''),
(2420, 'Invocation'),
(2421, 'Don''t Give a Fuck'),
(2422, 'No Fuck''n Problem'),
(2423, 'Suicyco Muthafucka'),
(2424, 'Fucked Up Just Right'),
(2425, 'No Bullshit'),
(2426, 'What Else Could I Do?'),
(2427, 'What You Need''s a Friend'),
(2428, 'I Wouldn''t Mind'),
(2429, 'Depression and Anguish'),
(2430, 'Evil'),
(2431, 'Love Vs. Loneliness'),
(2432, 'Benediction'),
(2433, 'Freedumb'),
(2434, 'Ain''t Gonna Take It'),
(2435, 'Scream Out'),
(2436, 'Halfway Up My Head'),
(2437, 'Cyco Vision'),
(2438, 'I Ain''t Like You'),
(2439, 'Naked'),
(2440, 'Hippie Killer'),
(2441, 'Built to Survive'),
(2442, 'Get Sick'),
(2443, 'We Are Family'),
(2444, 'I''ll Buy Myself'),
(2445, 'Gaigan Go Home'),
(2446, 'Self Destruct'),
(2447, 'Su Casa Es Mi Casa'),
(2448, 'No More No Less'),
(2449, 'Free Your Soul'),
(2450, 'Pop Songs'),
(2451, 'Bullenium'),
(2452, 'Animal'),
(2453, 'Straight From The Heart'),
(2454, 'Cyco Speak'),
(2455, 'Start Your Brain'),
(2456, 'Public Dissension'),
(2457, 'Children Of The Bored'),
(2458, 'Got Mutation'),
(2459, 'Charlie Monroe'),
(2460, 'We Are A Family'),
(2461, 'Suicidal Jam'),
(2462, 'Psycho Vision'),
(2463, 'Le Rock à Billy'),
(2464, 'Ramdam'),
(2465, 'Butterfly'),
(2466, 'Over You'),
(2467, 'Lola'),
(2468, 'Tiens Le Fil'),
(2469, 'Un Peu De Douleur'),
(2470, 'Let Me Hold You'),
(2471, 'On Monday'),
(2472, 'Travel The World'),
(2473, 'Jenn Je T''Aime'),
(2474, 'Ca Mousse'),
(2475, 'Bad Boy Killer'),
(2476, 'Breath'),
(2477, 'Suite-Pee'),
(2478, 'Know'),
(2479, 'Sugar'),
(2480, 'Suggestions'),
(2481, 'Spiders'),
(2482, 'DDevil'),
(2483, 'Soil'),
(2484, 'War?'),
(2485, 'Mind'),
(2486, 'Peephole'),
(2487, 'CUBErt'),
(2488, 'Darts'),
(2489, 'P.L.U.C.K.'),
(2490, 'Prison Song'),
(2491, 'Needles'),
(2492, 'Deer Dance'),
(2493, 'Jet Pilot'),
(2494, 'X'),
(2495, 'Chop Suey!'),
(2496, 'Bounce'),
(2497, 'Forest'),
(2498, 'Atwa'),
(2499, 'Science'),
(2500, 'Shimmy'),
(2501, 'Toxicity'),
(2502, 'Psycho'),
(2503, 'Aerials'),
(2504, 'Chic ''N'' Stu'),
(2505, 'Innervision'),
(2506, 'Bubbles'),
(2507, 'Boom!'),
(2508, 'Nüguns'),
(2509, 'A.D.D.'),
(2510, 'Mr. Jack'),
(2511, 'I-E-A-I-A-I-O'),
(2512, '36'),
(2513, 'Pictures'),
(2514, 'Highway Song'),
(2515, 'F**k The System'),
(2516, 'Ego Brain'),
(2517, 'Thetawaves'),
(2518, 'Roulette'),
(2519, 'Streamline'),
(2520, 'Attack'),
(2521, 'Dreaming'),
(2522, 'Kill Rock''n Roll'),
(2523, 'Hypnotize'),
(2524, 'Stealing Society'),
(2525, 'Tentative'),
(2526, 'U-Fig'),
(2527, 'Holy Mountains'),
(2528, 'Vicinity Of Obscenity'),
(2529, 'She''s Like Heroin'),
(2530, 'Lonely Day'),
(2531, 'Soldier Side'),
(2532, 'B.Y.O.B.'),
(2533, 'Revenga'),
(2534, 'Cigaro'),
(2535, 'Radio/Video'),
(2536, 'This Cocaine Makes Me Feel Like I''m On This Song'),
(2537, 'Violent Pornography'),
(2538, 'Question!'),
(2539, 'Sad Statue'),
(2540, 'Old School Hollywood'),
(2541, 'Lost In Hollywood'),
(2542, 'shame (system of a down and wu'),
(2543, 'metro'),
(2544, 'marmalade'),
(2545, 'Erin Shore (Traditional Intro) (Instrumental)'),
(2546, 'Forgiven, Not Forgotten'),
(2547, 'Heaven Knows'),
(2548, 'Along With The Girls (Instrumental)'),
(2549, 'Someday'),
(2550, 'The Right Time'),
(2551, 'The Minstrel Boy (Instrumental)'),
(2552, 'Toss The Feathers (Instrumental)'),
(2553, 'Love To Love You'),
(2554, 'Secret Life'),
(2555, 'Carraroe Jig (Instrumental)'),
(2556, 'Closer'),
(2557, 'Erin Shore (Instrumental)'),
(2558, 'Only When I Sleep'),
(2559, 'When He''s Not Around'),
(2560, 'Dreams'),
(2561, 'What Can I Do'),
(2562, 'I Never Loved You Anyway'),
(2563, 'So Young'),
(2564, 'Don''t Say You Love Me'),
(2565, 'Love Gives, Love Takes'),
(2566, 'Hopelessly Addicted'),
(2567, 'Paddy McCarthy'),
(2568, 'Intimacy'),
(2569, 'Queen of Hollywood'),
(2570, 'No Good For Me'),
(2571, 'Radio'),
(2572, 'Toss The Feathers'),
(2573, 'At Your Side'),
(2574, 'No Frontiers'),
(2575, 'Old Town'),
(2576, 'Lough Erin Shore'),
(2577, 'Dreams (Bonus Track)'),
(2578, 'Breathless'),
(2579, 'Give Me a Reason'),
(2580, 'Somebody For Someone'),
(2581, 'Say'),
(2582, 'All the Love in the World'),
(2583, 'Irresistible'),
(2584, 'One Night'),
(2585, 'All in a Day'),
(2586, 'No More Cry'),
(2587, 'Rain'),
(2588, 'Give It All Up'),
(2589, 'Hurt Before'),
(2590, 'Rebel Heart'),
(2591, 'Along With The Girls'),
(2592, 'All The Love n The World'),
(2593, 'Would You Be Happier'),
(2594, 'Happy Christmas (War Is Over)'),
(2595, 'Band Intros'),
(2596, 'Would You Be Happier?'),
(2597, 'Breathlees'),
(2598, 'When The Stars Go Blue'),
(2599, 'Joy Of Life'),
(2600, 'Only Love Can Break Your Heart'),
(2601, 'Summer Wine'),
(2602, 'Ruby Tuesday'),
(2603, 'Summer Sunshine'),
(2604, 'Angel'),
(2605, 'Hideaway'),
(2606, 'Long Night'),
(2607, 'Goodbye'),
(2608, 'Time Enough For Tears'),
(2609, 'Humdrum'),
(2610, 'Even If'),
(2611, 'Borrowed Heaven'),
(2612, 'Confidence For Quiet'),
(2613, 'Baby Be Brave'),
(2614, 'Silver Stand'),
(2615, 'Transmetropolitan'),
(2616, 'The Battle Of Brisbane'),
(2617, 'The Auld Triangle'),
(2618, 'Waxie´s Dargle'),
(2619, 'Boys From The County Hell'),
(2620, 'Sea Shanty'),
(2621, 'Dark Streets Of London'),
(2622, 'Streams Of Whisky'),
(2623, 'Poor Paddy'),
(2624, 'Dingle Regatta'),
(2625, 'Greenland Whale Fisheries'),
(2626, 'Down In The Ground Where The Dead Men Go'),
(2627, 'Kitty'),
(2628, 'If I Should Fall From Grace With God'),
(2629, 'Turkish Song Of The Damned'),
(2630, 'Bottle Of Smoke'),
(2631, 'Fairytale Of New York'),
(2632, 'Metropolis'),
(2633, 'Thousands Are Sailing'),
(2634, 'South Australia'),
(2635, 'Fiesta'),
(2636, 'Medley'),
(2637, 'Streets Of Sorrow-Birmingham Six'),
(2638, 'Lullaby Of London'),
(2639, 'The Battle March Medley'),
(2640, 'Sit Down By The Fire'),
(2641, 'The Broad Majestic Shannon'),
(2642, 'Worms'),
(2643, 'The Sunnyside Of The Street'),
(2644, 'Sayonara'),
(2645, 'The Ghost Of A Smile'),
(2646, 'Hell''s Ditch'),
(2647, 'Lorca''s Novena'),
(2648, 'Summer In Siam'),
(2649, 'Rain Street'),
(2650, 'Rainbow Man'),
(2651, 'The Wake Of The Medusa'),
(2652, 'House Of The Gods'),
(2653, '5 Green Queens And Jean'),
(2654, 'Maidrin Rua'),
(2655, 'Six To Go'),
(2656, 'What Ever Happened?'),
(2657, 'Reptilia'),
(2658, 'Automatic Stop'),
(2659, '12:51'),
(2660, 'You Talk Way Too Much'),
(2661, 'Between Love & Hate'),
(2662, 'Meet Me In The Bathroom'),
(2663, 'Under Control'),
(2664, 'The Way It Is'),
(2665, 'The End Has No End'),
(2666, 'I Can''t Win'),
(2667, 'Blue Orchid'),
(2668, 'The Nurse'),
(2669, 'My Doorbell'),
(2670, 'Forever For Her (Is Over For Me)'),
(2671, 'Little Ghost'),
(2672, 'The Denial Twist'),
(2673, 'White Moon'),
(2674, 'Instinct Blues'),
(2675, 'Passive Manipulation'),
(2676, 'Take, Take, Take'),
(2677, 'As Ugly As I Seem'),
(2678, 'Red Rain'),
(2679, 'I''m Lonely (But I Ain''t That Lonely Yet)'),
(2680, 'Icky Thump'),
(2681, 'You Don''t Know What Love Is (You Just Do As You''re Told)'),
(2682, '300 M.P.H. Torrential Outpour Blues'),
(2683, 'Conquest'),
(2684, 'Bone Broke'),
(2685, 'Prickly Thorn, But Sweetly Worn'),
(2686, 'St. Andrew (This Battle Is In The Air)'),
(2687, 'Little Cream Soda'),
(2688, 'Rag And Bone'),
(2689, 'I''m Slowly Turning Into You'),
(2690, 'A Martyr For My Love For You'),
(2691, 'Catch Hell Blues'),
(2692, 'Effect And Cause'),
(2693, 'Intolerance'),
(2694, 'Prison Sex'),
(2695, 'Sober'),
(2696, 'Bottom'),
(2697, 'Crawl Away'),
(2698, 'Swamp Song'),
(2699, 'Undertow'),
(2700, '4 Degrees'),
(2701, 'Flood'),
(2702, 'Disgustipated'),
(2703, 'Stinkfist'),
(2704, 'Eulogy'),
(2705, 'H.'),
(2706, 'Forty Six & 2'),
(2707, 'Message to Harry Manback'),
(2708, 'Hooker With a Penis'),
(2709, 'Intermission'),
(2710, 'Jimmy'),
(2711, 'Pushit'),
(2712, 'Cesaro Summability'),
(2713, 'Ænema'),
(2714, 'Third Eye'),
(2715, 'The Grudge'),
(2716, 'Eon Blue Apocalypse'),
(2717, 'The Patient'),
(2718, 'Mantra'),
(2719, 'Parabol'),
(2720, 'Parabola'),
(2721, 'Ticks & Leeches'),
(2722, 'Lateralus'),
(2723, 'Disposition'),
(2724, 'Reflection'),
(2725, 'Triad'),
(2726, 'Faaip de Oaid'),
(2727, 'Vicarious'),
(2728, 'Jambi'),
(2729, 'Wings For Marie (Part 1)'),
(2730, '10,000 Days (Wings Part 2)'),
(2731, 'The Pot'),
(2732, 'Lipan Conjuring'),
(2733, 'Lost Keys (Blame Hofmann)'),
(2734, 'Lost Keys'),
(2735, 'Rosetta Stoned'),
(2736, 'Intension'),
(2737, 'Right In Two'),
(2738, 'Viginti Tres'),
(2739, 'Come Feel Me'),
(2740, 'Nylon'),
(2741, 'Stick'),
(2742, 'Stay Awake'),
(2743, 'Makeshift Grey'),
(2744, 'Cherubs Fall'),
(2745, 'Loud'),
(2746, 'When This Ends'),
(2747, 'Untitled'),
(2748, 'Shift'),
(2749, 'The Sik N U'),
(2750, 'Bonus Track'),
(2751, '(Somebody Else Been) Shaking Your Tree'),
(2752, 'Brown Sugar'),
(2753, 'Squank'),
(2754, 'Goin'' Down To Mexico'),
(2755, 'Old Man'),
(2756, 'Neighbor, Neighbor'),
(2757, 'Certified Blues'),
(2758, 'Bedroom Thang'),
(2759, 'Just Got Back From Baby''s'),
(2760, 'Backdoor Love Affair'),
(2761, 'Francine'),
(2762, 'Just Got Paid'),
(2763, 'Mushmouth Shoutin'),
(2764, 'Ko Ko Blue'),
(2765, 'Chevrolet'),
(2766, 'Apologies To Pearly'),
(2767, 'Bar-B-Q'),
(2768, 'Sure Got Cold After The Rain Fell'),
(2769, 'Whiskey''n Mama'),
(2770, 'Down Brownie'),
(2771, 'Waitin For The Bus'),
(2772, 'Jesus Just Left Chicago'),
(2773, 'Beer Drinkers And Hell Raisers'),
(2774, 'Master Of Sparks'),
(2775, 'Hot Blue And Righteous'),
(2776, 'Move Me On Down The Line'),
(2777, 'Precious And Grace'),
(2778, 'La Grange'),
(2779, 'Shiek'),
(2780, 'Have you heard ?'),
(2781, 'Thunderbird'),
(2782, 'Jailhouse Rock'),
(2783, 'Backdoor Medley: Backdoor Love Affair/Mellow Down Easy/Backdoor Love Affair No. 2/Long Distance Boogie'),
(2784, 'Nasty Dogs And Funky Kings'),
(2785, 'Blue Jean Blues'),
(2786, 'Balinese'),
(2787, 'Mexican Blackbird'),
(2788, 'Heard It On The X'),
(2789, 'Tush'),
(2790, 'It´s Only Love'),
(2791, 'Arrested For Driving While Blind'),
(2792, 'El Diablo'),
(2793, 'Snappy Kakkie'),
(2794, 'Enjoy And Get It On'),
(2795, 'Ten Dollar Man'),
(2796, 'Pan Am Highway Blues'),
(2797, 'Avalon Hideaway'),
(2798, 'She´s A Heartbreaker'),
(2799, 'Asleep In The Desert'),
(2800, 'I Thank You'),
(2801, 'She Loves My Automobile'),
(2802, 'I''m Bad, I''m Nationwide'),
(2803, 'A Fool For Your Stockings'),
(2804, 'Manic Mechanic'),
(2805, 'Low Down In The Street'),
(2806, 'Hi Fi Mama'),
(2807, 'Cheap Sunglasses'),
(2808, 'Esther Be The One'),
(2809, 'Tube Snake Boogie'),
(2810, 'I Wanna Drive You Home'),
(2811, 'Ten Foot Pole'),
(2812, 'Leila'),
(2813, 'Don´t Tease Me'),
(2814, 'It´s So Hard'),
(2815, 'Pearl Necklace'),
(2816, 'Groovy Little Hippie Pad'),
(2817, 'Heaven, Hell Or Houston'),
(2818, 'Party On The Patio'),
(2819, 'Gimme All Your Lovin'),
(2820, 'Got Me Under Pressure'),
(2821, 'Sharp Dressed Man'),
(2822, 'I Need You Tonight'),
(2823, 'I Got The Six'),
(2824, 'Legs'),
(2825, 'Thug'),
(2826, 'TV Dinners'),
(2827, 'Dirty Dog'),
(2828, 'If I Could Only Flag Her Down'),
(2829, 'Bad Girl'),
(2830, 'Sleeping bag'),
(2831, 'Stages'),
(2832, 'Woke up with wood'),
(2833, 'Rough boy'),
(2834, 'Can''t stop rockin'''),
(2835, 'Planet of women'),
(2836, 'I got the message'),
(2837, 'Velcro fly'),
(2838, 'Dipping low (in the lap of luxury)'),
(2839, 'Delirious'),
(2840, 'Pincushion'),
(2841, 'Breakaway'),
(2842, 'World Of Swirl'),
(2843, 'Fuzzbox Voodoo'),
(2844, 'Girl In A T-Shirt'),
(2845, 'Antenna Head'),
(2846, 'PCH'),
(2847, 'Cherry Red'),
(2848, 'Cover Your Rig'),
(2849, 'Lizard Life'),
(2850, 'Deal Goin'' Down'),
(2851, 'Everything'),
(2852, 'Rhythmeen'),
(2853, 'Bang Bang'),
(2854, 'Black Fly'),
(2855, 'What''s Up With That'),
(2856, 'Vincent Price Blues'),
(2857, 'Zipper Job'),
(2858, 'Hairdresser'),
(2859, 'She''s Just Killing Me'),
(2860, 'My Mind is Gone'),
(2861, 'Loaded'),
(2862, 'Prettyhead'),
(2863, 'Hummbucking, Part 2'),
(2864, 'Poke Chop Sandwich'),
(2865, 'Crucifixx-a-Flatt'),
(2866, 'Fearless Boogie'),
(2867, '36-22-36'),
(2868, 'Made Into a Movie'),
(2869, 'Beatbox'),
(2870, 'Trippin'''),
(2871, 'Dreadmonboogaloo'),
(2872, 'Live intro by Ross Mitchell'),
(2873, 'Sinpusher'),
(2874, 'Teddy Bear'),
(2875, 'Hey Mr. Millionaire'),
(2876, 'Belt Buckle'),
(2877, 'Beg to Differ'),
(2878, 'Bite the Bullet'),
(2879, 'When'),
(2880, 'You and I'),
(2881, 'Whisper'),
(2882, 'Trust'),
(2883, 'Time'),
(2884, 'Shine'),
(2885, 'Shine'),
(2886, 'Seven Days'),
(2887, 'Schism'),
(2888, 'Runaway'),
(2889, 'Pieces'),
(2890, 'One World'),
(2891, 'One'),
(2892, 'Little Wing'),
(2893, 'Leave Me Alone'),
(2894, 'La valse'),
(2895, 'Isolation'),
(2896, 'Intro'),
(2897, 'Intro'),
(2898, 'Intro'),
(2899, 'Home'),
(2900, 'Heaven'),
(2901, 'Guilty Of Innocence'),
(2902, 'Gone'),
(2903, 'Fuel'),
(2904, 'Fade to Black'),
(2905, 'Burning Bridges'),
(2906, 'Bored');

-- --------------------------------------------------------

--
-- Structure de la table `piste`
--

CREATE TABLE IF NOT EXISTS `piste` (
  `p_alb` int(11) NOT NULL DEFAULT '0',
  `p_mor` int(11) NOT NULL DEFAULT '0',
  `p_duree` mediumint(11) DEFAULT '0',
  `p_num` int(11) NOT NULL DEFAULT '0',
  PRIMARY KEY (`p_alb`,`p_mor`,`p_num`),
  KEY `p_alb` (`p_alb`),
  KEY `p_mor` (`p_mor`),
  KEY `p_num` (`p_num`)
) ENGINE=InnoDB DEFAULT CHARSET=utf8;

--
-- Contenu de la table `piste`
--

INSERT INTO `piste` (`p_alb`, `p_mor`, `p_duree`, `p_num`) VALUES
(1, 1, 179, 1),
(1, 2, 246, 2),
(1, 3, 206, 3),
(1, 4, 247, 4),
(1, 5, 288, 5),
(1, 6, 220, 6),
(1, 7, 251, 7),
(1, 8, 209, 8),
(1, 9, 145, 9),
(1, 10, 275, 10),
(1, 11, 265, 11),
(1, 12, 141, 12),
(2, 13, 461, 1),
(2, 14, 195, 2),
(2, 15, 293, 3),
(2, 16, 254, 4),
(2, 17, 292, 5),
(2, 18, 192, 6),
(2, 19, 246, 7),
(2, 20, 155, 8),
(2, 21, 245, 9),
(2, 22, 274, 10),
(2, 23, 122, 11),
(2, 24, 306, 12),
(3, 25, 134, 1),
(3, 26, 288, 2),
(3, 27, 303, 3),
(3, 28, 294, 4),
(3, 29, 250, 5),
(3, 30, 139, 6),
(3, 31, 223, 7),
(3, 32, 179, 8),
(3, 33, 208, 9),
(3, 34, 336, 10),
(3, 35, 355, 11),
(3, 36, 188, 12),
(4, 37, 272, 1),
(4, 38, 273, 2),
(4, 39, 251, 3),
(4, 40, 248, 4),
(4, 41, 336, 5),
(4, 42, 306, 6),
(4, 43, 315, 7),
(4, 44, 194, 8),
(4, 45, 255, 9),
(4, 46, 276, 10),
(4, 47, 272, 11),
(5, 48, 208, 1),
(5, 49, 219, 2),
(5, 50, 279, 3),
(5, 51, 364, 4),
(5, 52, 309, 5),
(5, 53, 252, 6),
(5, 54, 262, 7),
(5, 55, 273, 8),
(5, 56, 301, 9),
(5, 57, 276, 10),
(5, 58, 290, 11),
(6, 59, 257, 1),
(6, 60, 264, 2),
(6, 60, 181, 13),
(6, 61, 387, 3),
(6, 62, 236, 4),
(6, 63, 185, 5),
(6, 64, 288, 6),
(6, 65, 397, 7),
(6, 66, 233, 8),
(6, 67, 163, 9),
(6, 68, 288, 10),
(6, 69, 392, 11),
(6, 70, 267, 12),
(7, 71, 368, 1),
(7, 72, 243, 2),
(7, 73, 182, 3),
(7, 74, 171, 4),
(7, 75, 225, 5),
(7, 76, 188, 6),
(7, 77, 247, 7),
(8, 78, 193, 1),
(8, 79, 162, 2),
(8, 80, 247, 3),
(8, 81, 242, 4),
(8, 82, 283, 5),
(8, 83, 180, 6),
(8, 84, 310, 7),
(8, 85, 209, 8),
(8, 86, 87, 9),
(8, 87, 235, 10),
(9, 88, 345, 1),
(9, 89, 277, 2),
(9, 90, 260, 3),
(9, 91, 248, 4),
(9, 92, 325, 5),
(9, 93, 269, 6),
(9, 94, 344, 7),
(9, 95, 284, 8),
(9, 96, 275, 9),
(10, 97, 316, 1),
(10, 98, 300, 2),
(10, 99, 354, 3),
(10, 100, 295, 4),
(10, 101, 329, 5),
(10, 102, 342, 6),
(10, 103, 356, 7),
(10, 104, 469, 8),
(10, 105, 262, 9),
(11, 106, 184, 1),
(11, 107, 184, 2),
(11, 108, 348, 3),
(11, 109, 280, 4),
(11, 110, 334, 5),
(11, 111, 349, 6),
(12, 112, 384, 1),
(12, 113, 314, 2),
(12, 114, 342, 3),
(12, 115, 266, 4),
(12, 116, 457, 5),
(12, 117, 337, 6),
(12, 118, 329, 7),
(12, 119, 342, 8),
(12, 120, 51, 9),
(12, 121, 350, 10),
(13, 122, 416, 1),
(13, 123, 434, 2),
(13, 124, 430, 3),
(13, 125, 386, 4),
(13, 126, 318, 5),
(13, 127, 204, 6),
(13, 128, 288, 7),
(13, 129, 165, 8),
(13, 130, 305, 9),
(13, 131, 339, 10),
(13, 132, 253, 11),
(14, 115, 265, 2),
(14, 117, 338, 1),
(14, 133, 320, 3),
(14, 134, 196, 4),
(14, 135, 186, 5),
(14, 136, 123, 6),
(15, 137, 301, 1),
(15, 138, 297, 2),
(15, 139, 296, 3),
(15, 140, 377, 4),
(15, 141, 272, 5),
(15, 142, 371, 6),
(15, 143, 301, 7),
(15, 144, 326, 8),
(15, 145, 266, 9),
(15, 146, 222, 10),
(15, 147, 410, 11),
(16, 148, 244, 1),
(16, 149, 242, 2),
(16, 150, 240, 3),
(16, 151, 267, 4),
(16, 152, 261, 5),
(16, 153, 308, 6),
(16, 154, 274, 7),
(16, 155, 331, 8),
(16, 156, 300, 9),
(16, 157, 262, 10),
(16, 158, 330, 11),
(17, 159, 263, 1),
(17, 160, 294, 2),
(17, 161, 332, 3),
(17, 162, 193, 4),
(17, 163, 35, 5),
(17, 164, 265, 6),
(17, 165, 258, 7),
(17, 166, 217, 8),
(17, 167, 314, 9),
(17, 168, 278, 10),
(17, 169, 361, 11),
(17, 170, 46, 12),
(17, 171, 186, 13),
(17, 172, 785, 14),
(18, 90, 258, 15),
(18, 97, 316, 10),
(18, 99, 460, 16),
(18, 102, 341, 12),
(18, 115, 265, 13),
(18, 129, 165, 11),
(18, 138, 296, 2),
(18, 139, 298, 6),
(18, 141, 302, 8),
(18, 149, 243, 9),
(18, 161, 330, 7),
(18, 173, 206, 1),
(18, 174, 285, 3),
(18, 175, 274, 4),
(18, 176, 261, 5),
(18, 177, 182, 14),
(19, 178, 221, 1),
(19, 179, 197, 2),
(19, 180, 285, 3),
(19, 181, 297, 4),
(19, 182, 240, 5),
(19, 183, 81, 6),
(19, 184, 250, 7),
(19, 185, 68, 8),
(19, 186, 332, 9),
(19, 187, 196, 10),
(19, 188, 108, 11),
(20, 189, 216, 1),
(20, 190, 132, 2),
(20, 191, 345, 3),
(20, 192, 421, 4),
(20, 193, 319, 5),
(20, 194, 399, 6),
(20, 195, 356, 7),
(20, 196, 128, 8),
(20, 197, 464, 9),
(21, 198, 222, 1),
(21, 199, 251, 2),
(21, 200, 271, 3),
(21, 201, 246, 4),
(21, 202, 321, 5),
(21, 203, 247, 6),
(21, 204, 244, 7),
(21, 205, 329, 8),
(21, 206, 226, 9),
(21, 207, 56, 10),
(22, 179, 224, 2),
(22, 184, 254, 10),
(22, 189, 214, 7),
(22, 195, 372, 8),
(22, 197, 328, 9),
(22, 198, 229, 1),
(22, 199, 257, 3),
(22, 200, 281, 5),
(22, 201, 255, 6),
(22, 204, 268, 11),
(22, 206, 252, 4),
(23, 208, 260, 1),
(23, 209, 255, 2),
(23, 210, 292, 3),
(23, 211, 245, 4),
(23, 212, 316, 5),
(23, 213, 233, 6),
(23, 214, 234, 7),
(23, 215, 259, 8),
(23, 216, 209, 9),
(23, 217, 93, 10),
(23, 218, 268, 11),
(24, 206, 224, 4),
(24, 219, 205, 1),
(24, 220, 265, 2),
(24, 221, 227, 3),
(24, 222, 363, 5),
(24, 223, 228, 6),
(24, 224, 56, 7),
(25, 225, 281, 1),
(25, 226, 256, 2),
(25, 227, 212, 3),
(25, 228, 294, 4),
(25, 229, 252, 5),
(25, 230, 273, 6),
(25, 231, 293, 7),
(25, 232, 171, 8),
(25, 233, 198, 9),
(25, 234, 287, 10),
(25, 235, 395, 11),
(26, 236, 217, 1),
(26, 237, 197, 2),
(26, 239, 191, 4),
(26, 240, 241, 5),
(26, 241, 183, 6),
(26, 242, 204, 7),
(26, 243, 233, 8),
(26, 244, 198, 9),
(26, 245, 176, 10),
(26, 246, 131, 11),
(26, 247, 240, 12),
(26, 2888, 229, 3),
(27, 248, 185, 1),
(27, 249, 205, 2),
(27, 250, 244, 3),
(27, 251, 213, 4),
(27, 252, 371, 5),
(27, 253, 252, 6),
(27, 254, 275, 7),
(27, 255, 216, 8),
(27, 256, 351, 9),
(27, 257, 241, 10),
(27, 258, 249, 11),
(27, 259, 265, 12),
(27, 260, 290, 13),
(27, 261, 276, 14),
(27, 262, 295, 15),
(27, 263, 467, 16),
(27, 264, 237, 17),
(28, 265, 179, 1),
(28, 266, 233, 2),
(28, 267, 162, 3),
(28, 268, 254, 4),
(28, 269, 199, 5),
(28, 270, 316, 6),
(28, 271, 190, 7),
(28, 272, 187, 8),
(28, 273, 258, 9),
(28, 274, 209, 10),
(28, 275, 162, 11),
(28, 276, 174, 12),
(29, 277, 150, 1),
(29, 278, 207, 2),
(29, 279, 213, 3),
(29, 280, 209, 4),
(29, 281, 192, 5),
(29, 282, 193, 6),
(29, 283, 203, 7),
(29, 284, 221, 8),
(29, 285, 162, 9),
(29, 286, 192, 10),
(29, 287, 173, 11),
(29, 288, 238, 12),
(29, 289, 472, 13),
(30, 265, 206, 2),
(30, 267, 190, 3),
(30, 269, 175, 5),
(30, 270, 305, 4),
(30, 271, 261, 7),
(30, 290, 216, 1),
(30, 291, 238, 6),
(30, 292, 306, 8),
(31, 268, 235, 8),
(31, 269, 229, 2),
(31, 270, 333, 11),
(31, 277, 158, 3),
(31, 279, 239, 1),
(31, 280, 222, 12),
(31, 282, 185, 6),
(31, 283, 225, 10),
(31, 287, 197, 9),
(31, 288, 234, 7),
(31, 293, 244, 4),
(31, 294, 244, 5),
(32, 265, 255, 5),
(32, 266, 309, 7),
(32, 281, 205, 2),
(32, 284, 241, 3),
(32, 286, 277, 1),
(32, 295, 297, 4),
(32, 296, 243, 6),
(32, 297, 251, 8),
(32, 298, 536, 9),
(32, 299, 205, 10),
(32, 300, 225, 11),
(32, 301, 195, 12),
(33, 302, 182, 1),
(33, 303, 230, 2),
(33, 304, 212, 3),
(33, 305, 209, 4),
(33, 306, 174, 5),
(33, 307, 302, 6),
(33, 308, 283, 7),
(33, 309, 304, 8),
(33, 310, 193, 9),
(33, 311, 217, 10),
(33, 312, 189, 11),
(33, 313, 569, 12),
(34, 293, 190, 2),
(34, 300, 219, 1),
(34, 314, 178, 3),
(34, 315, 178, 4),
(34, 316, 165, 5),
(34, 317, 199, 6),
(34, 318, 189, 7),
(34, 319, 259, 8),
(34, 320, 217, 9),
(34, 321, 122, 10),
(34, 322, 148, 11),
(34, 323, 346, 12),
(35, 324, 239, 1),
(35, 325, 256, 2),
(35, 326, 252, 3),
(35, 327, 369, 4),
(35, 328, 334, 5),
(35, 329, 259, 6),
(35, 330, 279, 7),
(35, 331, 296, 8),
(35, 332, 292, 9),
(35, 333, 484, 10),
(36, 324, 236, 4),
(36, 326, 247, 2),
(36, 328, 320, 5),
(36, 332, 301, 3),
(36, 334, 324, 1),
(36, 335, 274, 6),
(36, 336, 284, 7),
(36, 337, 248, 8),
(36, 338, 267, 9),
(36, 339, 282, 10),
(36, 340, 360, 11),
(36, 341, 556, 12),
(36, 342, 366, 13),
(36, 343, 195, 14),
(36, 344, 420, 15),
(36, 345, 276, 16),
(36, 346, 285, 17),
(36, 347, 272, 18),
(37, 336, 265, 10),
(37, 340, 321, 12),
(37, 348, 269, 1),
(37, 349, 300, 2),
(37, 350, 229, 3),
(37, 351, 264, 4),
(37, 352, 274, 5),
(37, 353, 267, 6),
(37, 354, 278, 7),
(37, 355, 277, 8),
(37, 356, 117, 9),
(37, 357, 208, 11),
(37, 358, 254, 13),
(37, 359, 267, 14),
(38, 360, 331, 1),
(38, 361, 311, 2),
(38, 362, 204, 3),
(38, 363, 261, 4),
(38, 364, 350, 5),
(38, 365, 142, 6),
(38, 366, 59, 7),
(38, 367, 200, 8),
(38, 368, 354, 9),
(38, 369, 264, 10),
(38, 370, 294, 11),
(38, 371, 347, 12),
(38, 372, 306, 13),
(38, 373, 198, 14),
(39, 374, 205, 1),
(39, 375, 157, 2),
(39, 376, 197, 3),
(39, 377, 245, 4),
(39, 378, 199, 5),
(39, 379, 182, 6),
(39, 380, 213, 7),
(39, 381, 277, 8),
(39, 382, 236, 9),
(39, 383, 217, 10),
(39, 384, 179, 11),
(39, 385, 136, 12),
(39, 386, 214, 13),
(40, 387, 205, 1),
(40, 388, 187, 2),
(40, 389, 231, 3),
(40, 390, 227, 4),
(40, 391, 216, 5),
(40, 392, 216, 6),
(40, 393, 192, 7),
(40, 394, 242, 8),
(40, 395, 185, 9),
(40, 396, 204, 10),
(40, 397, 196, 11),
(40, 398, 185, 12),
(40, 399, 336, 13),
(41, 400, 140, 1),
(41, 401, 173, 2),
(41, 402, 238, 3),
(41, 403, 173, 4),
(41, 404, 182, 5),
(41, 405, 157, 6),
(41, 406, 395, 7),
(41, 407, 334, 8),
(41, 408, 347, 9),
(41, 409, 457, 10),
(41, 410, 257, 11),
(42, 411, 222, 1),
(42, 412, 259, 2),
(42, 413, 161, 3),
(42, 414, 315, 4),
(42, 415, 329, 5),
(42, 416, 153, 6),
(42, 417, 132, 7),
(42, 418, 158, 8),
(42, 419, 252, 9),
(43, 420, 514, 1),
(43, 421, 419, 2),
(43, 422, 182, 3),
(43, 423, 227, 4),
(43, 424, 244, 5),
(43, 425, 666, 6),
(43, 426, 344, 7),
(43, 427, 452, 8),
(43, 428, 331, 9),
(44, 429, 318, 1),
(44, 430, 253, 2),
(44, 431, 250, 3),
(44, 432, 252, 4),
(44, 433, 182, 5),
(44, 434, 207, 6),
(44, 435, 265, 7),
(44, 436, 442, 8),
(44, 437, 291, 9),
(44, 438, 299, 10),
(45, 425, 558, 5),
(45, 439, 298, 1),
(45, 440, 245, 2),
(45, 441, 351, 3),
(45, 442, 399, 4),
(45, 443, 384, 6),
(45, 444, 412, 7),
(46, 445, 211, 1),
(46, 446, 232, 2),
(46, 447, 310, 3),
(46, 448, 189, 4),
(46, 449, 275, 5),
(46, 450, 224, 6),
(46, 451, 401, 7),
(46, 452, 282, 8),
(46, 453, 287, 9),
(46, 454, 252, 10),
(46, 455, 264, 11),
(46, 456, 314, 12),
(47, 445, 290, 13),
(47, 446, 267, 2),
(47, 449, 265, 8),
(47, 450, 239, 3),
(47, 451, 507, 9),
(47, 452, 275, 5),
(47, 454, 259, 6),
(47, 455, 301, 1),
(47, 457, 347, 4),
(47, 458, 328, 7),
(47, 459, 463, 10),
(47, 460, 340, 11),
(47, 461, 275, 12),
(47, 462, 343, 14),
(49, 475, 208, 1),
(49, 476, 96, 2),
(49, 477, 79, 3),
(49, 478, 95, 4),
(49, 479, 41, 5),
(49, 480, 135, 6),
(49, 481, 80, 7),
(49, 482, 172, 8),
(49, 483, 73, 9),
(49, 484, 110, 10),
(49, 485, 86, 11),
(49, 486, 153, 12),
(49, 487, 53, 13),
(49, 487, 56, 25),
(49, 488, 133, 14),
(49, 489, 23, 15),
(49, 490, 125, 16),
(49, 491, 152, 17),
(49, 492, 81, 18),
(49, 492, 74, 20),
(49, 493, 73, 19),
(49, 494, 30, 21),
(49, 495, 50, 22),
(49, 496, 69, 23),
(49, 497, 146, 24),
(50, 488, 184, 5),
(50, 498, 246, 1),
(50, 499, 114, 2),
(50, 500, 173, 3),
(50, 501, 147, 4),
(50, 502, 146, 6),
(50, 503, 146, 7),
(50, 504, 91, 8),
(50, 505, 79, 9),
(50, 506, 257, 10),
(51, 503, 130, 6),
(51, 505, 76, 2),
(51, 507, 193, 1),
(51, 507, 207, 7),
(51, 508, 262, 3),
(51, 508, 274, 9),
(51, 509, 263, 4),
(51, 509, 301, 8),
(51, 510, 31, 5),
(52, 511, 158, 1),
(52, 512, 353, 2),
(52, 513, 270, 3),
(52, 514, 319, 4),
(52, 515, 251, 5),
(52, 516, 264, 6),
(52, 517, 301, 7),
(52, 518, 142, 8),
(52, 519, 208, 9),
(52, 520, 274, 10),
(52, 521, 260, 11),
(52, 522, 334, 12),
(52, 523, 208, 13),
(52, 524, 69, 14),
(52, 525, 169, 15),
(52, 526, 156, 16),
(53, 527, 302, 1),
(53, 528, 321, 2),
(53, 529, 213, 3),
(53, 530, 114, 4),
(53, 531, 295, 5),
(53, 532, 234, 6),
(53, 533, 96, 7),
(53, 534, 297, 8),
(53, 535, 62, 9),
(53, 536, 200, 10),
(53, 537, 264, 11),
(53, 538, 260, 12),
(53, 539, 206, 13),
(53, 540, 406, 14),
(54, 541, 194, 1),
(54, 542, 293, 2),
(54, 543, 182, 3),
(54, 544, 342, 4),
(54, 545, 280, 5),
(54, 546, 263, 6),
(54, 547, 253, 7),
(54, 548, 208, 8),
(54, 549, 314, 9),
(54, 550, 291, 10),
(54, 551, 240, 11),
(54, 553, 472, 13),
(54, 2903, 159, 12),
(55, 554, 260, 1),
(55, 555, 201, 2),
(55, 556, 297, 3),
(55, 557, 208, 4),
(55, 558, 256, 5),
(55, 559, 269, 6),
(55, 560, 198, 7),
(55, 561, 299, 8),
(55, 562, 211, 9),
(55, 563, 396, 10),
(55, 564, 159, 11),
(55, 565, 105, 12),
(55, 566, 144, 13),
(56, 511, 274, 1),
(56, 519, 227, 11),
(56, 528, 359, 7),
(56, 529, 521, 15),
(56, 532, 293, 3),
(56, 536, 401, 8),
(56, 539, 333, 14),
(56, 541, 200, 4),
(56, 543, 219, 5),
(56, 555, 223, 9),
(56, 559, 294, 12),
(56, 560, 225, 6),
(56, 567, 233, 2),
(56, 568, 491, 10),
(56, 569, 332, 13),
(57, 570, 317, 1),
(57, 571, 391, 2),
(57, 572, 317, 3),
(57, 573, 291, 4),
(57, 574, 306, 5),
(57, 575, 496, 6),
(57, 576, 227, 7),
(57, 577, 319, 8),
(57, 578, 390, 9),
(57, 579, 242, 10),
(57, 580, 153, 11),
(57, 581, 421, 12),
(58, 582, 433, 1),
(58, 583, 295, 2),
(58, 584, 340, 3),
(58, 585, 300, 4),
(58, 586, 635, 5),
(58, 587, 245, 6),
(58, 588, 364, 7),
(58, 589, 117, 8),
(59, 590, 296, 1),
(59, 591, 224, 2),
(59, 592, 330, 3),
(59, 593, 210, 4),
(59, 594, 334, 5),
(59, 595, 445, 6),
(59, 596, 265, 7),
(59, 597, 342, 8),
(59, 598, 389, 9),
(59, 599, 261, 10),
(59, 600, 318, 11),
(60, 601, 230, 1),
(60, 602, 311, 2),
(60, 603, 154, 3),
(60, 604, 257, 4),
(60, 605, 353, 5),
(60, 606, 282, 6),
(60, 607, 335, 7),
(60, 608, 186, 8),
(60, 609, 233, 9),
(60, 610, 356, 10),
(61, 583, 347, 1),
(61, 584, 388, 5),
(61, 585, 389, 8),
(61, 587, 267, 3),
(61, 588, 421, 11),
(61, 591, 242, 4),
(61, 593, 208, 7),
(61, 595, 420, 6),
(61, 596, 277, 9),
(61, 598, 312, 10),
(61, 611, 366, 2),
(62, 612, 244, 2),
(62, 613, 269, 3),
(62, 614, 266, 4),
(62, 615, 283, 5),
(62, 616, 221, 6),
(62, 617, 224, 7),
(62, 618, 259, 8),
(62, 619, 205, 9),
(62, 620, 395, 10),
(62, 621, 216, 11),
(62, 2906, 246, 1),
(63, 622, 237, 1),
(63, 623, 189, 2),
(63, 624, 237, 3),
(63, 625, 261, 4),
(63, 626, 191, 5),
(63, 627, 299, 6),
(63, 628, 453, 7),
(64, 629, 276, 1),
(64, 630, 249, 2),
(64, 631, 316, 3),
(64, 632, 380, 4),
(64, 633, 283, 5),
(64, 634, 335, 6),
(64, 635, 226, 7),
(64, 636, 289, 8),
(64, 637, 198, 9),
(64, 638, 307, 10),
(64, 639, 122, 11),
(64, 640, 288, 12),
(64, 641, 322, 13),
(64, 642, 273, 14),
(65, 643, 255, 1),
(65, 644, 237, 2),
(65, 645, 272, 3),
(65, 646, 268, 4),
(65, 647, 234, 5),
(65, 648, 218, 6),
(65, 649, 278, 7),
(65, 650, 294, 8),
(65, 651, 234, 9),
(65, 652, 235, 10),
(65, 653, 189, 11),
(65, 654, 403, 12),
(65, 655, 206, 13),
(66, 656, 316, 1),
(66, 657, 254, 2),
(66, 658, 226, 3),
(66, 659, 343, 4),
(66, 660, 220, 5),
(66, 661, 270, 6),
(66, 662, 265, 7),
(66, 663, 283, 8),
(66, 664, 343, 9),
(67, 665, 489, 1),
(67, 666, 355, 2),
(67, 667, 379, 3),
(67, 668, 303, 4),
(67, 669, 289, 5),
(67, 670, 199, 6),
(67, 671, 246, 7),
(68, 672, 863, 1),
(68, 673, 406, 2),
(68, 674, 351, 3),
(68, 675, 378, 4),
(68, 676, 481, 5),
(69, 677, 306, 1),
(69, 678, 504, 2),
(69, 679, 247, 3),
(69, 680, 390, 4),
(69, 681, 503, 5),
(69, 682, 417, 6),
(69, 683, 278, 7),
(69, 684, 415, 9),
(69, 2890, 214, 8),
(70, 665, 491, 5),
(70, 666, 357, 6),
(70, 673, 351, 9),
(70, 678, 246, 11),
(70, 679, 248, 8),
(70, 684, 290, 12),
(70, 685, 347, 1),
(70, 686, 241, 2),
(70, 687, 274, 3),
(70, 688, 211, 4),
(70, 689, 211, 7),
(70, 690, 719, 10),
(71, 691, 387, 1),
(71, 692, 304, 2),
(71, 693, 301, 3),
(71, 695, 257, 5),
(71, 696, 359, 6),
(71, 697, 296, 7),
(71, 698, 190, 8),
(71, 699, 266, 9),
(71, 700, 333, 10),
(71, 701, 468, 11),
(71, 702, 229, 12),
(71, 2904, 231, 4),
(72, 703, 190, 1),
(72, 704, 257, 2),
(72, 705, 215, 3),
(72, 706, 235, 4),
(72, 707, 231, 5),
(72, 708, 272, 6),
(72, 709, 257, 7),
(72, 710, 258, 8),
(72, 711, 261, 9),
(72, 712, 255, 10),
(72, 713, 267, 11),
(73, 714, 194, 1),
(73, 715, 161, 2),
(73, 716, 201, 3),
(73, 717, 184, 4),
(73, 718, 251, 5),
(73, 719, 277, 6),
(73, 720, 226, 7),
(73, 721, 196, 8),
(73, 722, 174, 9),
(73, 723, 147, 10),
(73, 724, 210, 11),
(73, 725, 251, 12),
(73, 726, 209, 13),
(73, 727, 290, 14),
(73, 728, 164, 15),
(74, 716, 204, 6),
(74, 718, 251, 2),
(74, 719, 277, 3),
(74, 720, 227, 4),
(74, 721, 196, 9),
(74, 722, 175, 10),
(74, 725, 251, 7),
(74, 726, 209, 8),
(74, 727, 286, 12),
(74, 729, 237, 1),
(74, 730, 171, 5),
(74, 731, 202, 11),
(74, 732, 323, 13),
(75, 733, 407, 1),
(75, 734, 360, 2),
(75, 735, 390, 3),
(75, 736, 367, 4),
(75, 737, 316, 5),
(75, 738, 357, 6),
(75, 739, 419, 7),
(75, 740, 467, 8),
(75, 741, 316, 9),
(75, 742, 348, 10),
(75, 743, 321, 11),
(75, 744, 553, 12),
(76, 745, 239, 2),
(76, 746, 215, 1),
(76, 747, 196, 3),
(76, 748, 264, 4),
(76, 749, 187, 5),
(76, 750, 278, 6),
(76, 751, 258, 7),
(76, 752, 230, 8),
(76, 753, 221, 9),
(76, 754, 248, 10),
(76, 755, 328, 11),
(77, 756, 186, 1),
(77, 757, 215, 2),
(77, 758, 218, 3),
(77, 759, 224, 4),
(77, 760, 263, 5),
(77, 761, 263, 6),
(77, 762, 218, 7),
(77, 763, 257, 8),
(77, 764, 290, 9),
(77, 765, 281, 10),
(77, 766, 284, 11),
(77, 767, 229, 12),
(77, 768, 332, 13),
(78, 769, 83, 1),
(78, 770, 192, 2),
(78, 771, 238, 3),
(78, 772, 263, 4),
(78, 773, 215, 6),
(78, 774, 185, 7),
(78, 775, 188, 8),
(78, 776, 296, 9),
(78, 777, 324, 10),
(78, 778, 302, 11),
(78, 2901, 218, 5),
(79, 779, 184, 1),
(79, 780, 88, 2),
(79, 781, 215, 3),
(79, 782, 121, 4),
(79, 783, 136, 5),
(79, 784, 287, 6),
(79, 785, 175, 7),
(79, 786, 268, 8),
(79, 787, 205, 9),
(79, 788, 224, 10),
(79, 789, 362, 11),
(80, 790, 219, 1),
(80, 791, 261, 2),
(80, 792, 243, 3),
(80, 793, 364, 4),
(80, 794, 230, 5),
(80, 795, 290, 6),
(80, 796, 260, 7),
(80, 797, 179, 8),
(80, 798, 194, 9),
(80, 799, 252, 10),
(80, 800, 316, 11),
(81, 801, 304, 1),
(81, 802, 230, 2),
(81, 803, 258, 3),
(81, 804, 187, 4),
(81, 805, 204, 5),
(81, 806, 266, 6),
(81, 807, 267, 7),
(81, 808, 253, 8),
(81, 809, 289, 9),
(81, 810, 304, 10),
(81, 811, 332, 11),
(82, 812, 246, 1),
(82, 813, 215, 2),
(82, 814, 225, 3),
(82, 815, 261, 4),
(82, 816, 247, 5),
(82, 817, 216, 6),
(82, 818, 267, 7),
(82, 819, 220, 8),
(82, 820, 249, 9),
(82, 821, 243, 10),
(83, 822, 253, 1),
(83, 823, 198, 2),
(83, 824, 243, 3),
(83, 825, 157, 5),
(83, 826, 266, 6),
(83, 827, 223, 7),
(83, 828, 155, 8),
(83, 829, 289, 9),
(83, 830, 206, 10),
(83, 2886, 323, 4),
(84, 831, 235, 1),
(84, 832, 227, 2),
(84, 833, 229, 3),
(84, 834, 255, 4),
(84, 835, 155, 5),
(84, 836, 229, 6),
(84, 837, 232, 7),
(84, 838, 189, 8),
(84, 839, 222, 9),
(84, 840, 232, 10),
(85, 841, 341, 1),
(85, 842, 260, 2),
(85, 843, 326, 3),
(85, 844, 252, 4),
(85, 845, 208, 5),
(85, 846, 255, 6),
(85, 847, 261, 7),
(85, 848, 353, 8),
(85, 849, 246, 9),
(85, 850, 274, 10),
(86, 851, 304, 1),
(86, 852, 244, 2),
(86, 853, 263, 3),
(86, 854, 249, 4),
(86, 855, 265, 6),
(86, 856, 257, 7),
(86, 857, 256, 8),
(86, 858, 278, 9),
(86, 859, 205, 10),
(86, 2895, 232, 5),
(87, 860, 320, 1),
(87, 861, 250, 2),
(87, 862, 265, 3),
(87, 863, 252, 4),
(87, 864, 281, 5),
(87, 865, 210, 6),
(87, 866, 285, 7),
(87, 867, 219, 8),
(87, 868, 238, 9),
(87, 869, 249, 10),
(87, 870, 232, 11),
(87, 871, 194, 12),
(88, 872, 298, 1),
(88, 873, 252, 2),
(88, 874, 161, 3),
(88, 875, 298, 4),
(88, 876, 162, 5),
(88, 877, 248, 6),
(88, 878, 233, 7),
(88, 879, 237, 8),
(88, 880, 172, 9),
(88, 881, 161, 10),
(88, 882, 193, 11),
(88, 883, 252, 12),
(88, 884, 215, 13),
(88, 885, 275, 14),
(88, 886, 311, 15),
(88, 887, 277, 16),
(89, 827, 264, 6),
(89, 846, 226, 12),
(89, 876, 164, 13),
(89, 880, 197, 3),
(89, 887, 232, 5),
(89, 888, 212, 1),
(89, 889, 211, 2),
(89, 890, 289, 4),
(89, 891, 250, 7),
(89, 892, 181, 8),
(89, 893, 275, 9),
(89, 894, 251, 10),
(89, 895, 194, 11),
(89, 896, 233, 14),
(90, 897, 225, 1),
(90, 898, 300, 2),
(90, 899, 270, 3),
(90, 900, 232, 4),
(90, 901, 285, 5),
(90, 902, 233, 6),
(90, 903, 328, 7),
(90, 904, 247, 8),
(90, 905, 238, 9),
(90, 906, 272, 10),
(90, 907, 258, 11),
(90, 908, 254, 12),
(91, 827, 227, 11),
(91, 843, 311, 14),
(91, 846, 255, 4),
(91, 851, 305, 1),
(91, 860, 287, 12),
(91, 876, 163, 6),
(91, 880, 172, 10),
(91, 909, 252, 2),
(91, 910, 230, 3),
(91, 911, 237, 5),
(91, 912, 312, 7),
(91, 913, 241, 8),
(91, 914, 266, 9),
(91, 915, 207, 13),
(91, 916, 160, 15),
(92, 826, 466, 15),
(92, 831, 234, 2),
(92, 899, 272, 12),
(92, 917, 256, 1),
(92, 918, 225, 3),
(92, 919, 287, 4),
(92, 920, 282, 5),
(92, 921, 244, 6),
(92, 922, 257, 7),
(92, 923, 332, 8),
(92, 924, 282, 9),
(92, 925, 244, 10),
(92, 926, 283, 11),
(92, 927, 241, 13),
(92, 928, 245, 14),
(93, 28, 314, 1),
(93, 929, 225, 2),
(93, 931, 242, 4),
(93, 932, 203, 5),
(93, 933, 214, 6),
(93, 934, 272, 7),
(93, 935, 259, 8),
(93, 936, 255, 9),
(93, 937, 220, 10),
(93, 938, 247, 11),
(93, 939, 320, 12),
(93, 2891, 274, 3),
(94, 846, 273, 11),
(94, 851, 339, 12),
(94, 860, 301, 1),
(94, 876, 233, 4),
(94, 878, 309, 16),
(94, 880, 221, 14),
(94, 881, 154, 15),
(94, 910, 269, 5),
(94, 920, 298, 2),
(94, 940, 374, 3),
(94, 941, 400, 6),
(94, 942, 305, 7),
(94, 943, 257, 8),
(94, 944, 245, 9),
(94, 945, 60, 10),
(94, 946, 615, 13),
(94, 947, 244, 17),
(95, 831, 235, 12),
(95, 841, 261, 13),
(95, 846, 253, 3),
(95, 851, 307, 2),
(95, 860, 285, 1),
(95, 872, 318, 18),
(95, 873, 278, 8),
(95, 876, 160, 19),
(95, 880, 197, 4),
(95, 881, 154, 9),
(95, 887, 233, 5),
(95, 909, 288, 17),
(95, 922, 256, 15),
(95, 924, 280, 7),
(95, 940, 233, 10),
(95, 948, 250, 6),
(95, 949, 256, 11),
(95, 950, 235, 14),
(95, 951, 234, 16),
(96, 942, 280, 7),
(96, 947, 215, 5),
(96, 952, 230, 1),
(96, 953, 170, 2),
(96, 954, 246, 3),
(96, 955, 246, 4),
(96, 956, 231, 6),
(96, 957, 211, 8),
(96, 958, 185, 9),
(96, 959, 234, 10),
(97, 960, 341, 1),
(97, 961, 287, 2),
(97, 962, 336, 3),
(97, 963, 249, 4),
(97, 964, 257, 5),
(97, 965, 217, 6),
(97, 966, 361, 7),
(97, 967, 329, 8),
(97, 968, 232, 9),
(98, 969, 187, 1),
(98, 970, 287, 2),
(98, 971, 181, 3),
(98, 972, 176, 4),
(98, 973, 219, 5),
(98, 974, 226, 6),
(98, 975, 231, 7),
(98, 976, 212, 8),
(98, 977, 169, 9),
(98, 978, 290, 10),
(98, 979, 185, 11),
(99, 980, 103, 1),
(99, 981, 191, 2),
(99, 982, 211, 3),
(99, 983, 167, 4),
(99, 984, 292, 5),
(99, 985, 209, 6),
(99, 986, 235, 7),
(99, 987, 224, 8),
(99, 988, 199, 9),
(99, 989, 199, 10),
(99, 990, 220, 11),
(99, 991, 386, 12),
(100, 992, 34, 1),
(100, 993, 182, 2),
(100, 994, 114, 3),
(100, 995, 343, 4),
(100, 996, 227, 5),
(100, 997, 239, 6),
(100, 998, 269, 7),
(100, 999, 36, 8),
(100, 1000, 206, 9),
(100, 1001, 202, 10),
(100, 1002, 410, 11),
(100, 1003, 226, 12),
(100, 1004, 177, 13),
(100, 1005, 269, 14),
(100, 1006, 41, 15),
(100, 1007, 178, 16),
(100, 1008, 253, 18),
(100, 2894, 287, 17),
(101, 1009, 189, 1),
(101, 1010, 236, 2),
(101, 1011, 185, 3),
(101, 1012, 226, 4),
(101, 1013, 190, 5),
(101, 1014, 200, 6),
(101, 1015, 207, 7),
(101, 1016, 240, 8),
(101, 1017, 159, 9),
(101, 1018, 176, 10),
(101, 1019, 292, 11),
(101, 1020, 255, 12),
(101, 1021, 187, 13),
(101, 1022, 195, 14),
(101, 1023, 195, 15),
(102, 1024, 151, 1),
(102, 1025, 218, 2),
(102, 1026, 225, 3),
(102, 1027, 179, 4),
(102, 1028, 226, 5),
(102, 1029, 214, 6),
(102, 1030, 186, 7),
(102, 1031, 212, 8),
(102, 1032, 219, 9),
(102, 1033, 226, 10),
(102, 1034, 192, 11),
(102, 1035, 205, 12),
(102, 1036, 155, 13),
(102, 1037, 252, 14),
(102, 1038, 290, 15),
(103, 1039, 296, 1),
(103, 1040, 246, 2),
(103, 1041, 374, 3),
(103, 1042, 375, 4),
(103, 1043, 287, 5),
(103, 1044, 393, 6),
(103, 1045, 333, 7),
(103, 1046, 221, 8),
(103, 1047, 351, 9),
(103, 1048, 165, 10),
(103, 1049, 299, 11),
(104, 1050, 255, 1),
(104, 1051, 260, 2),
(104, 1052, 214, 3),
(104, 1053, 329, 4),
(104, 1054, 352, 5),
(104, 1055, 398, 6),
(104, 1056, 227, 7),
(104, 1057, 441, 8),
(104, 1058, 299, 9),
(104, 1059, 399, 10),
(105, 1060, 53, 1),
(105, 1061, 289, 2),
(105, 1062, 245, 3),
(105, 1063, 251, 4),
(105, 1064, 232, 5),
(105, 1065, 237, 6),
(105, 1066, 297, 7),
(105, 1067, 212, 8),
(105, 1068, 245, 9),
(105, 1069, 222, 10),
(105, 1070, 318, 11),
(105, 1071, 404, 12),
(106, 1072, 71, 1),
(106, 1073, 274, 2),
(106, 1074, 191, 3),
(106, 1075, 193, 4),
(106, 1076, 238, 5),
(106, 1077, 368, 6),
(106, 1078, 245, 7),
(106, 1079, 225, 8),
(106, 1080, 59, 9),
(106, 1081, 260, 10),
(106, 1082, 395, 11),
(106, 1083, 299, 12),
(106, 1084, 334, 13),
(106, 1085, 225, 14),
(106, 1086, 210, 15),
(106, 1087, 289, 16),
(106, 1088, 273, 17),
(106, 1089, 276, 18),
(107, 1088, 256, 2),
(107, 1090, 302, 1),
(107, 1091, 301, 3),
(107, 1092, 300, 4),
(107, 1093, 331, 5),
(107, 1094, 305, 6),
(107, 1095, 383, 7),
(107, 1096, 437, 8),
(107, 1097, 310, 9),
(107, 1098, 214, 10),
(107, 1099, 334, 11),
(107, 1100, 370, 12),
(107, 1101, 361, 13),
(107, 1102, 453, 14),
(108, 1103, 402, 1),
(108, 1104, 202, 2),
(108, 1105, 333, 3),
(108, 1106, 236, 4),
(108, 1107, 427, 5),
(108, 1108, 330, 6),
(108, 1109, 313, 7),
(108, 1110, 378, 8),
(108, 1111, 270, 9),
(108, 1112, 234, 10),
(108, 1113, 465, 11),
(109, 1114, 637, 1),
(109, 1115, 286, 2),
(109, 1116, 390, 3),
(109, 1117, 335, 4),
(109, 1118, 317, 5),
(109, 1119, 543, 6),
(109, 1120, 541, 7),
(109, 1121, 613, 8),
(110, 1122, 168, 1),
(110, 1123, 130, 2),
(110, 1124, 182, 3),
(110, 1125, 227, 4),
(110, 1126, 424, 5),
(110, 1127, 297, 6),
(110, 1128, 292, 7),
(110, 1129, 329, 8),
(110, 1130, 259, 9),
(110, 1131, 233, 10),
(110, 1132, 289, 11),
(110, 1133, 649, 12),
(110, 1134, 264, 13),
(110, 1135, 375, 14),
(111, 1136, 256, 1),
(111, 1137, 178, 2),
(111, 1138, 233, 3),
(111, 1139, 204, 4),
(111, 1140, 207, 5),
(111, 1141, 224, 6),
(111, 1142, 115, 7),
(111, 1143, 322, 8),
(111, 1144, 180, 9),
(111, 1145, 202, 10),
(111, 1146, 197, 11),
(111, 1147, 246, 12),
(112, 1148, 249, 1),
(112, 1149, 270, 2),
(112, 1150, 256, 3),
(112, 1151, 232, 4),
(112, 1152, 249, 5),
(112, 1153, 146, 6),
(112, 1154, 246, 7),
(112, 1155, 226, 8),
(112, 1156, 238, 9),
(112, 1157, 192, 10),
(112, 1158, 265, 11),
(112, 1159, 787, 12),
(113, 1160, 276, 1),
(113, 1161, 183, 2),
(113, 1162, 225, 3),
(113, 1163, 223, 4),
(113, 1164, 221, 5),
(113, 1165, 173, 6),
(113, 1166, 299, 7),
(113, 1167, 261, 8),
(114, 1168, 221, 1),
(114, 1169, 305, 2),
(114, 1170, 245, 3),
(114, 1171, 306, 4),
(114, 1172, 402, 5),
(114, 1173, 246, 6),
(114, 1174, 167, 7),
(114, 1175, 288, 8),
(115, 1176, 210, 1),
(115, 1177, 349, 2),
(115, 1178, 181, 3),
(115, 1179, 266, 4),
(115, 1180, 208, 5),
(115, 1181, 377, 6),
(115, 1182, 201, 7),
(115, 1183, 281, 8),
(116, 1184, 397, 1),
(116, 1185, 315, 2),
(116, 1186, 209, 3),
(116, 1187, 343, 4),
(116, 1188, 179, 5),
(116, 1189, 239, 6),
(116, 1190, 323, 7),
(116, 1191, 111, 8),
(116, 1192, 337, 9),
(117, 1193, 195, 1),
(117, 1194, 243, 2),
(117, 1195, 215, 3),
(117, 1196, 258, 4),
(117, 1197, 304, 5),
(117, 1198, 222, 6),
(117, 1199, 257, 7),
(117, 1200, 253, 8),
(117, 1201, 283, 9),
(117, 1202, 255, 10),
(117, 1203, 371, 11),
(118, 1204, 275, 1),
(118, 1205, 206, 2),
(118, 1206, 327, 3),
(118, 1207, 269, 4),
(118, 1208, 244, 5),
(118, 1209, 238, 6),
(118, 1210, 238, 7),
(118, 1211, 248, 8),
(118, 1212, 250, 9),
(118, 1213, 225, 10),
(118, 1214, 220, 11),
(118, 1215, 268, 12),
(119, 1216, 183, 1),
(119, 1217, 210, 2),
(119, 1218, 277, 3),
(119, 1219, 228, 4),
(119, 1220, 239, 5),
(119, 1221, 153, 6),
(119, 1222, 236, 7),
(119, 1223, 238, 8),
(120, 1224, 312, 1),
(120, 1225, 243, 2),
(120, 1226, 276, 3),
(120, 1227, 229, 4),
(120, 1228, 171, 5),
(120, 1229, 264, 6),
(120, 1230, 187, 7),
(120, 1231, 330, 8),
(120, 1232, 209, 9),
(120, 1233, 216, 10),
(120, 1234, 219, 11),
(120, 1235, 159, 12),
(121, 1236, 275, 1),
(121, 1237, 386, 2),
(121, 1238, 53, 3),
(121, 1239, 298, 4),
(121, 1240, 265, 5),
(121, 1241, 341, 6),
(121, 1242, 261, 7),
(121, 1243, 323, 8),
(121, 1244, 269, 9),
(121, 1245, 301, 10),
(121, 1246, 185, 11),
(121, 1247, 148, 12),
(122, 1248, 321, 1),
(122, 1249, 232, 2),
(122, 1250, 187, 3),
(122, 1251, 386, 4),
(122, 1252, 269, 6),
(122, 1253, 319, 7),
(122, 1254, 281, 8),
(122, 1255, 103, 10),
(122, 1256, 240, 11),
(122, 1257, 555, 12),
(122, 2905, 321, 5),
(123, 1258, 273, 1),
(123, 1259, 258, 2),
(123, 1260, 238, 3),
(123, 1261, 359, 4),
(123, 1262, 322, 5),
(123, 1263, 40, 6),
(123, 1264, 208, 7),
(123, 1265, 307, 8),
(123, 1266, 340, 9),
(123, 1267, 245, 10),
(123, 1268, 135, 11),
(123, 1269, 184, 12),
(124, 1270, 354, 1),
(124, 1271, 319, 2),
(124, 1272, 235, 3),
(124, 1273, 335, 4),
(124, 1274, 266, 5),
(124, 1275, 242, 6),
(124, 1276, 229, 7),
(124, 1277, 251, 8),
(124, 1278, 224, 9),
(124, 1279, 199, 10),
(124, 1280, 227, 11),
(125, 1281, 406, 1),
(125, 1282, 300, 2),
(125, 1283, 267, 3),
(125, 1284, 464, 4),
(125, 1285, 257, 5),
(125, 1286, 340, 6),
(125, 1287, 254, 7),
(125, 1288, 242, 8),
(125, 1289, 261, 9),
(125, 1290, 545, 10),
(125, 1291, 116, 11),
(126, 1283, 282, 4),
(126, 1285, 250, 6),
(126, 1286, 387, 8),
(126, 1291, 258, 1),
(126, 1292, 434, 2),
(126, 1293, 189, 3),
(126, 1294, 255, 5),
(126, 1295, 302, 7),
(126, 1296, 416, 9),
(126, 1297, 312, 10),
(127, 694, 416, 4),
(127, 1298, 285, 1),
(127, 1299, 398, 2),
(127, 1300, 312, 3),
(127, 1301, 245, 5),
(127, 1302, 265, 6),
(127, 1303, 397, 7),
(127, 1304, 536, 8),
(128, 1290, 497, 5),
(128, 1305, 313, 1),
(128, 1306, 516, 2),
(128, 1307, 397, 3),
(128, 1308, 388, 4),
(128, 1309, 341, 6),
(128, 1310, 508, 7),
(128, 1311, 333, 8),
(129, 930, 447, 4),
(129, 1312, 403, 1),
(129, 1313, 587, 2),
(129, 1314, 386, 3),
(129, 1315, 396, 5),
(129, 1316, 346, 6),
(129, 1317, 464, 7),
(129, 1318, 590, 8),
(129, 1319, 315, 9),
(130, 694, 429, 15),
(130, 930, 512, 10),
(130, 1284, 276, 24),
(130, 1285, 282, 25),
(130, 1287, 271, 26),
(130, 1292, 327, 4),
(130, 1300, 301, 2),
(130, 1303, 489, 14),
(130, 1305, 307, 18),
(130, 1306, 481, 9),
(130, 1314, 407, 6),
(130, 1316, 321, 5),
(130, 1317, 83, 19),
(130, 1318, 131, 8),
(130, 1320, 397, 1),
(130, 1321, 408, 3),
(130, 1322, 379, 7),
(130, 1323, 448, 11),
(130, 1324, 672, 12),
(130, 1325, 107, 13),
(130, 1326, 203, 16),
(130, 1328, 104, 20),
(130, 1329, 62, 21),
(130, 1330, 207, 22),
(130, 1331, 84, 23),
(130, 2892, 214, 17),
(131, 1332, 333, 1),
(131, 1333, 325, 2),
(131, 1334, 228, 3),
(131, 1335, 388, 4),
(131, 1336, 405, 5),
(131, 1337, 241, 6),
(131, 1338, 245, 7),
(131, 1339, 389, 8),
(131, 1340, 257, 9),
(131, 1341, 309, 10),
(131, 1342, 410, 11),
(131, 1343, 235, 12),
(132, 1303, 447, 2),
(132, 1308, 398, 4),
(132, 1316, 438, 3),
(132, 1332, 447, 1),
(132, 1333, 366, 5),
(132, 1335, 406, 7),
(132, 1340, 381, 6),
(132, 1344, 577, 8),
(132, 1345, 805, 9),
(133, 694, 431, 3),
(133, 1285, 335, 6),
(133, 1300, 347, 2),
(133, 1306, 274, 4),
(133, 1323, 1088, 5),
(133, 1338, 226, 1),
(134, 930, 625, 5),
(134, 1284, 340, 3),
(134, 1292, 365, 7),
(134, 1293, 193, 8),
(134, 1305, 604, 6),
(134, 1331, 84, 4),
(134, 1336, 391, 2),
(134, 1339, 381, 1),
(134, 1346, 333, 9),
(135, 1347, 305, 1),
(135, 1348, 329, 2),
(135, 1349, 400, 3),
(135, 1350, 268, 4),
(135, 1351, 330, 5),
(135, 1352, 262, 6),
(135, 1353, 499, 7),
(135, 1354, 295, 8),
(135, 1355, 240, 9),
(135, 1356, 238, 10),
(135, 1357, 320, 11),
(135, 1358, 352, 12),
(135, 1359, 318, 13),
(135, 1360, 590, 14),
(136, 552, 270, 1),
(136, 1361, 280, 2),
(136, 1362, 320, 3),
(136, 1363, 397, 4),
(136, 1364, 322, 5),
(136, 1365, 314, 6),
(136, 1366, 373, 7),
(136, 1367, 246, 8),
(136, 1368, 366, 10),
(136, 1369, 458, 11),
(136, 1370, 317, 12),
(136, 1371, 496, 13),
(136, 1372, 415, 9),
(137, 1373, 156, 1),
(137, 1374, 214, 2),
(137, 1375, 381, 3),
(137, 1376, 367, 4),
(137, 1377, 149, 5),
(137, 1378, 474, 6),
(137, 1379, 673, 7),
(137, 1380, 398, 8),
(137, 1381, 305, 9),
(137, 1382, 546, 10),
(137, 1383, 289, 11),
(138, 1282, 266, 9),
(138, 1284, 471, 6),
(138, 1287, 342, 8),
(138, 1329, 399, 1),
(138, 1330, 296, 3),
(138, 1346, 138, 10),
(138, 1384, 404, 2),
(138, 1385, 191, 4),
(138, 1386, 210, 5),
(138, 1387, 217, 7),
(138, 1388, 189, 11),
(138, 1389, 184, 12),
(138, 1390, 245, 13),
(138, 1391, 221, 14),
(138, 1392, 292, 15),
(138, 1393, 193, 16),
(139, 1282, 340, 5),
(139, 1287, 256, 16),
(139, 1330, 310, 14),
(139, 1331, 348, 15),
(139, 1346, 233, 8),
(139, 1375, 378, 6),
(139, 1376, 440, 10),
(139, 1384, 441, 4),
(139, 1387, 224, 3),
(139, 1388, 397, 12),
(139, 1390, 477, 17),
(139, 1394, 33, 1),
(139, 1395, 138, 2),
(139, 1396, 353, 7),
(139, 1397, 677, 9),
(139, 1398, 567, 11),
(139, 1399, 201, 13),
(140, 552, 276, 6),
(140, 1304, 574, 2),
(140, 1306, 535, 3),
(140, 1307, 447, 5),
(140, 1340, 259, 4),
(140, 1352, 285, 9),
(140, 1353, 542, 11),
(140, 1361, 282, 7),
(140, 1362, 326, 10),
(140, 1400, 151, 1),
(140, 1401, 344, 8),
(141, 930, 473, 8),
(141, 1300, 292, 3),
(141, 1305, 445, 10),
(141, 1332, 459, 9),
(141, 1333, 346, 7),
(141, 1336, 422, 5),
(141, 1339, 408, 1),
(141, 1350, 270, 2),
(141, 1360, 599, 6),
(141, 1402, 260, 4),
(142, 1403, 351, 1),
(142, 1404, 442, 2),
(142, 1405, 506, 3),
(142, 1406, 325, 4),
(142, 1407, 511, 5),
(142, 1408, 346, 6),
(142, 1409, 431, 7),
(142, 1410, 328, 8),
(142, 1411, 430, 9),
(142, 1412, 314, 10),
(142, 1413, 529, 11),
(143, 1403, 403, 1),
(143, 1404, 460, 2),
(143, 1405, 524, 3),
(143, 1406, 383, 4),
(143, 1407, 535, 5),
(143, 1408, 370, 6),
(143, 1409, 447, 7),
(143, 1410, 354, 8),
(143, 1411, 459, 9),
(143, 1412, 330, 10),
(143, 1413, 577, 11),
(144, 552, 261, 2),
(144, 930, 502, 18),
(144, 1290, 492, 14),
(144, 1292, 318, 4),
(144, 1298, 354, 13),
(144, 1299, 405, 8),
(144, 1303, 457, 12),
(144, 1306, 503, 17),
(144, 1308, 415, 7),
(144, 1312, 369, 1),
(144, 1323, 676, 21),
(144, 1332, 469, 19),
(144, 1333, 362, 5),
(144, 1339, 378, 16),
(144, 1356, 380, 20),
(144, 1401, 348, 3),
(144, 1404, 420, 9),
(144, 1414, 167, 6),
(144, 1415, 487, 10),
(144, 1416, 313, 11),
(144, 1417, 133, 15),
(145, 1418, 244, 1),
(145, 1419, 210, 2),
(145, 1420, 126, 3),
(145, 1421, 116, 4),
(145, 1422, 166, 5),
(145, 1423, 130, 6),
(145, 1424, 168, 7),
(145, 1425, 153, 8),
(145, 1426, 265, 9),
(145, 1427, 152, 10),
(145, 1428, 160, 11),
(145, 1429, 175, 12),
(145, 1430, 188, 13),
(145, 1431, 572, 14),
(146, 1432, 227, 1),
(146, 1433, 203, 2),
(146, 1434, 187, 3),
(146, 1435, 217, 4),
(146, 1436, 231, 5),
(146, 1437, 189, 6),
(146, 1438, 161, 7),
(146, 1439, 210, 8),
(146, 1440, 198, 9),
(146, 1441, 270, 10),
(146, 1442, 68, 11),
(146, 1443, 260, 12),
(146, 1444, 195, 13),
(146, 1445, 1102, 14),
(147, 1446, 189, 1),
(147, 1447, 227, 2),
(147, 1448, 172, 3),
(147, 1449, 213, 4),
(147, 1450, 207, 5),
(147, 1451, 170, 6),
(147, 1452, 196, 7),
(147, 1453, 202, 8),
(147, 1454, 218, 9),
(147, 1455, 199, 10),
(147, 1456, 149, 11),
(147, 1457, 173, 12),
(147, 1458, 303, 13),
(147, 1459, 533, 14),
(148, 1460, 185, 1),
(148, 1461, 186, 2),
(148, 1462, 189, 3),
(148, 1463, 204, 4),
(148, 1464, 223, 5),
(148, 1465, 229, 6),
(148, 1466, 233, 7),
(148, 1467, 188, 8),
(148, 1468, 178, 9),
(148, 1469, 168, 10),
(148, 1470, 173, 11),
(148, 1471, 251, 12),
(148, 1472, 238, 13),
(148, 1473, 225, 14),
(149, 1474, 190, 1),
(149, 1475, 186, 2),
(149, 1476, 217, 3),
(149, 1477, 237, 4),
(149, 1478, 272, 5),
(149, 1479, 262, 6),
(149, 1480, 197, 7),
(149, 1481, 250, 8),
(149, 1482, 251, 9),
(149, 1483, 622, 10),
(150, 1484, 46, 1),
(150, 1485, 201, 2),
(150, 1486, 207, 3),
(150, 1487, 222, 4),
(150, 1488, 196, 5),
(150, 1489, 220, 6),
(150, 1490, 156, 7),
(150, 1491, 208, 8),
(150, 1492, 195, 9),
(150, 1493, 150, 10),
(150, 1494, 181, 11),
(150, 1495, 171, 12),
(150, 1496, 101, 13),
(151, 1497, 187, 1),
(151, 1498, 195, 2),
(151, 1499, 208, 3),
(151, 1500, 119, 5),
(151, 1501, 183, 6),
(151, 1502, 232, 7),
(151, 1503, 184, 8),
(151, 1504, 128, 9),
(151, 1505, 145, 10),
(151, 1506, 253, 11),
(151, 1507, 171, 12),
(151, 2881, 210, 4),
(152, 1508, 60, 1),
(152, 1509, 120, 2),
(152, 1510, 212, 3),
(152, 1511, 178, 4),
(152, 1512, 212, 5),
(152, 1513, 241, 6),
(152, 1514, 214, 7),
(152, 1515, 173, 8),
(152, 1516, 234, 9),
(152, 1517, 199, 10),
(152, 1518, 228, 11),
(152, 1519, 196, 12),
(153, 1392, 296, 6),
(153, 1520, 188, 1),
(153, 1521, 235, 2),
(153, 1522, 253, 3),
(153, 1523, 198, 4),
(153, 1524, 175, 5),
(153, 1525, 205, 7),
(153, 1526, 222, 8),
(153, 1527, 223, 9),
(153, 1528, 222, 10),
(154, 1529, 169, 1),
(154, 1530, 204, 2),
(154, 1531, 160, 3),
(154, 1532, 218, 4),
(154, 1533, 202, 5),
(154, 1534, 190, 6),
(154, 1535, 160, 7),
(154, 1536, 213, 8),
(154, 1537, 157, 9),
(154, 1538, 257, 11),
(154, 1539, 167, 12),
(154, 2878, 98, 10),
(155, 1540, 254, 1),
(155, 1541, 270, 3),
(155, 1542, 236, 4),
(155, 1543, 355, 5),
(155, 1544, 330, 6),
(155, 1545, 252, 7),
(155, 1546, 324, 8),
(155, 1547, 177, 9),
(155, 1548, 265, 10),
(155, 1549, 238, 11),
(155, 1550, 392, 12),
(155, 1551, 174, 13),
(155, 2884, 192, 2),
(156, 1552, 194, 1),
(156, 1553, 122, 2),
(156, 1554, 197, 3),
(156, 1555, 189, 4),
(156, 1556, 243, 5),
(156, 1557, 206, 6),
(156, 1558, 220, 7),
(156, 1559, 265, 8),
(156, 1560, 157, 9),
(156, 1561, 186, 10),
(156, 1562, 225, 11),
(157, 1563, 180, 1),
(157, 1564, 270, 2),
(157, 1565, 183, 3),
(157, 1566, 200, 4),
(157, 1567, 207, 5),
(157, 1568, 315, 6),
(157, 1569, 407, 7),
(157, 1570, 183, 8),
(157, 1571, 223, 9),
(157, 1572, 142, 10),
(158, 1573, 219, 1),
(158, 1574, 322, 2),
(158, 1575, 426, 3),
(158, 1576, 282, 4),
(158, 1577, 325, 5),
(159, 1578, 331, 1),
(159, 1579, 312, 2),
(159, 1580, 280, 3),
(159, 1581, 351, 4),
(159, 1582, 306, 5),
(159, 1583, 356, 6),
(159, 1584, 283, 7),
(159, 1585, 314, 8),
(159, 1586, 297, 9),
(159, 1587, 262, 10),
(159, 1588, 306, 11),
(160, 1589, 200, 1),
(160, 1590, 232, 2),
(160, 1591, 199, 3),
(160, 1592, 189, 4),
(160, 1593, 228, 5),
(160, 1594, 243, 6),
(160, 1595, 268, 7),
(160, 1596, 275, 8),
(160, 1597, 219, 9),
(160, 1598, 271, 10),
(160, 1599, 256, 11),
(160, 1600, 194, 12),
(161, 1601, 212, 1),
(161, 1602, 173, 2),
(161, 1603, 171, 3),
(161, 1604, 244, 4),
(161, 1605, 203, 5),
(161, 1606, 242, 6),
(161, 1607, 218, 7),
(161, 1608, 250, 8),
(161, 1609, 159, 9),
(161, 1610, 286, 11),
(161, 1611, 245, 12),
(161, 1612, 307, 13),
(161, 1613, 248, 14),
(162, 1614, 281, 1),
(162, 1615, 193, 2),
(162, 1616, 225, 3),
(162, 1617, 175, 4),
(162, 1618, 290, 5),
(162, 1619, 258, 6),
(162, 1620, 183, 7),
(162, 1621, 211, 8),
(162, 1622, 208, 9),
(162, 1623, 346, 10),
(163, 1624, 220, 1),
(163, 1625, 187, 2),
(163, 1626, 99, 3),
(163, 1627, 245, 4),
(163, 1628, 244, 5),
(163, 1629, 186, 6),
(163, 1630, 260, 7),
(163, 1631, 242, 8),
(163, 1632, 208, 9),
(163, 1633, 275, 10),
(164, 1634, 247, 1),
(164, 1635, 270, 2),
(164, 1636, 239, 3),
(164, 1637, 106, 4),
(164, 1638, 260, 5),
(164, 1639, 162, 6),
(164, 1640, 256, 7),
(164, 1641, 247, 8),
(164, 1642, 246, 9),
(164, 1643, 251, 10),
(165, 1639, 170, 6),
(165, 1644, 214, 1),
(165, 1645, 233, 2),
(165, 1646, 235, 3),
(165, 1647, 307, 4),
(165, 1648, 244, 5),
(165, 1649, 248, 7),
(165, 1650, 256, 8),
(165, 1651, 215, 9),
(165, 1652, 174, 10),
(166, 1653, 248, 1),
(166, 1654, 133, 2),
(166, 1655, 320, 3),
(166, 1656, 287, 4),
(166, 1657, 424, 5),
(166, 1658, 305, 6),
(166, 1659, 202, 7),
(166, 1660, 317, 8),
(166, 1661, 315, 9),
(166, 1662, 311, 10),
(166, 1663, 348, 11),
(166, 1664, 261, 12),
(167, 1665, 238, 1),
(167, 1666, 238, 2),
(167, 1667, 315, 3),
(167, 1668, 169, 4),
(167, 1669, 393, 5),
(167, 1670, 277, 6),
(167, 1671, 290, 7),
(167, 1672, 301, 8),
(167, 1673, 328, 9),
(167, 1674, 281, 10),
(167, 1675, 349, 11),
(168, 1285, 465, 10),
(168, 1653, 297, 12),
(168, 1654, 228, 11),
(168, 1658, 236, 4),
(168, 1665, 270, 9),
(168, 1666, 252, 1),
(168, 1667, 346, 2),
(168, 1668, 181, 6),
(168, 1669, 494, 7),
(168, 1670, 457, 8),
(168, 1674, 339, 13),
(168, 1675, 242, 5),
(168, 1676, 375, 3),
(169, 1677, 219, 1),
(169, 1678, 186, 2),
(169, 1679, 348, 3),
(169, 1680, 265, 4),
(169, 1681, 173, 5),
(169, 1682, 422, 6),
(169, 1683, 237, 7),
(169, 1684, 366, 8),
(169, 1685, 337, 9),
(169, 1686, 292, 10),
(169, 1687, 302, 11),
(169, 1688, 244, 12),
(170, 1689, 227, 1),
(170, 1690, 294, 2),
(170, 1691, 296, 3),
(170, 1692, 290, 4),
(170, 1693, 218, 5),
(170, 1694, 285, 6),
(170, 1695, 260, 7),
(170, 1696, 291, 8),
(170, 1697, 421, 9),
(170, 1698, 274, 10),
(170, 1699, 340, 11),
(171, 1653, 276, 12),
(171, 1657, 474, 13),
(171, 1667, 351, 2),
(171, 1669, 419, 10),
(171, 1677, 218, 8),
(171, 1678, 239, 3),
(171, 1679, 337, 4),
(171, 1680, 267, 11),
(171, 1690, 322, 7),
(171, 1700, 265, 1),
(171, 1701, 270, 5),
(171, 1702, 261, 6),
(171, 1703, 224, 9),
(171, 1704, 236, 14),
(171, 1705, 312, 15),
(171, 1706, 137, 16),
(172, 1707, 162, 1),
(172, 1708, 297, 2),
(172, 1709, 260, 3),
(172, 1710, 254, 4),
(172, 1711, 316, 5),
(172, 1712, 198, 6),
(172, 1713, 225, 7),
(172, 1714, 226, 8),
(172, 1715, 383, 9),
(172, 1716, 323, 10),
(173, 1717, 210, 1),
(173, 1718, 222, 2),
(173, 1719, 260, 3),
(173, 1720, 222, 4),
(173, 1721, 234, 5),
(173, 1722, 202, 6),
(173, 1723, 241, 7),
(173, 1724, 241, 8),
(173, 1725, 171, 9),
(173, 1726, 854, 10),
(174, 1727, 142, 1),
(174, 1728, 242, 2),
(174, 1729, 215, 3),
(174, 1730, 279, 4),
(174, 1731, 191, 5),
(174, 1732, 329, 6),
(174, 1733, 207, 7),
(174, 1734, 317, 8),
(174, 1735, 213, 9),
(174, 1736, 170, 10),
(174, 1737, 196, 11),
(174, 1738, 302, 12),
(175, 1739, 185, 1),
(175, 1740, 180, 2),
(175, 1741, 167, 3),
(175, 1742, 180, 4),
(175, 1743, 200, 5),
(175, 1744, 231, 6),
(175, 1745, 165, 7),
(175, 1746, 186, 8),
(175, 1747, 166, 9),
(175, 1748, 164, 10),
(175, 1749, 292, 11),
(176, 1750, 206, 1),
(176, 1751, 253, 2),
(176, 1752, 256, 3),
(176, 1753, 246, 4),
(176, 1754, 292, 5),
(176, 1755, 224, 6),
(176, 1756, 193, 7),
(176, 1757, 178, 8),
(176, 1758, 230, 9),
(176, 1759, 292, 10),
(176, 1760, 356, 11),
(177, 1761, 157, 1),
(177, 1762, 285, 2),
(177, 1763, 164, 3),
(177, 1764, 211, 4),
(177, 1765, 240, 5),
(177, 1766, 188, 6),
(177, 1767, 251, 7),
(177, 1768, 192, 8),
(177, 1769, 182, 9),
(177, 1770, 212, 10),
(177, 1771, 186, 11),
(177, 1772, 160, 12),
(177, 1773, 281, 13),
(178, 1774, 204, 1),
(178, 1775, 281, 2),
(178, 1776, 252, 3),
(178, 1777, 292, 4),
(178, 1778, 372, 5),
(178, 1779, 298, 6),
(178, 1780, 266, 7),
(178, 1781, 258, 8),
(178, 1782, 384, 9),
(178, 1783, 238, 10),
(178, 1784, 232, 11),
(178, 1785, 400, 12),
(179, 1786, 219, 1),
(179, 1787, 166, 2),
(179, 1788, 258, 3),
(179, 1789, 189, 4),
(179, 1790, 250, 5),
(179, 1791, 217, 6),
(179, 1792, 208, 7),
(179, 1793, 193, 8),
(179, 1794, 210, 9),
(179, 1795, 190, 10),
(179, 1796, 201, 11),
(179, 1797, 246, 12),
(179, 1798, 192, 13),
(180, 1799, 218, 1),
(180, 1800, 237, 2),
(180, 1801, 247, 3),
(180, 1802, 230, 4),
(180, 1803, 220, 5),
(180, 1804, 357, 6),
(180, 1805, 212, 7),
(180, 1806, 221, 8),
(180, 1807, 174, 9),
(180, 1808, 176, 10),
(180, 1809, 236, 11),
(180, 1810, 384, 12),
(181, 1811, 288, 1),
(181, 1812, 309, 2),
(181, 1813, 214, 3),
(181, 1814, 295, 4),
(181, 1815, 296, 6),
(181, 1816, 300, 7),
(181, 1817, 174, 8),
(181, 1818, 226, 9),
(181, 1819, 357, 10),
(181, 2880, 206, 5),
(182, 1820, 124, 1),
(182, 1821, 156, 2),
(182, 1822, 187, 3),
(182, 1823, 194, 4),
(182, 1824, 540, 5),
(182, 1825, 142, 6),
(182, 1826, 371, 7),
(182, 1827, 197, 8),
(182, 1828, 252, 9),
(182, 1829, 291, 10),
(182, 1830, 142, 11),
(182, 1831, 261, 12),
(182, 1832, 218, 13),
(182, 1833, 221, 14),
(182, 1834, 232, 15),
(182, 1835, 363, 16),
(182, 1836, 58, 17),
(182, 1837, 25, 18),
(182, 1838, 350, 19),
(183, 1346, 134, 7),
(183, 1811, 226, 2),
(183, 1839, 122, 1),
(183, 1840, 271, 3),
(183, 1841, 166, 4),
(183, 1842, 288, 5),
(183, 1843, 263, 6),
(183, 1844, 253, 8),
(183, 1845, 256, 9),
(183, 1846, 226, 10),
(183, 1847, 205, 11),
(183, 1848, 310, 12),
(183, 1849, 205, 13),
(183, 1850, 192, 14),
(183, 1851, 199, 15),
(183, 1852, 279, 16),
(183, 1853, 388, 17),
(183, 1854, 254, 18),
(184, 1855, 230, 1),
(184, 1856, 188, 2),
(184, 1857, 194, 3),
(184, 1858, 243, 4),
(184, 1859, 199, 5),
(184, 1860, 145, 6),
(184, 1861, 179, 7),
(184, 1862, 205, 8),
(184, 1863, 182, 9),
(184, 1864, 203, 10),
(184, 1865, 291, 11),
(184, 1866, 331, 12),
(184, 1867, 160, 13),
(184, 1868, 197, 14),
(185, 1869, 220, 1),
(185, 1870, 222, 2),
(185, 1871, 205, 3),
(185, 1872, 174, 4),
(185, 1873, 204, 5),
(185, 1874, 241, 6),
(185, 1875, 212, 7),
(185, 1876, 121, 8),
(185, 1877, 83, 9),
(185, 1878, 18, 10),
(185, 1879, 246, 11),
(185, 1880, 158, 12),
(185, 1881, 72, 13),
(185, 1882, 116, 14),
(185, 1883, 231, 15),
(185, 1884, 242, 16),
(186, 1885, 250, 1),
(186, 1886, 304, 2),
(186, 1887, 224, 3),
(186, 1888, 248, 4),
(186, 1889, 169, 5),
(186, 1890, 219, 6),
(186, 1891, 161, 7),
(186, 1892, 208, 8),
(186, 1893, 114, 9),
(186, 1894, 37, 10),
(186, 1895, 116, 11),
(186, 1896, 115, 12),
(186, 1897, 15, 13),
(186, 1898, 218, 14),
(186, 1899, 137, 15),
(186, 1900, 97, 16),
(186, 1901, 530, 17),
(186, 1902, 209, 18),
(187, 1869, 220, 5),
(187, 1895, 116, 3),
(187, 1903, 124, 1),
(187, 1904, 188, 2),
(187, 1905, 304, 4),
(188, 1903, 123, 9),
(188, 1906, 301, 1),
(188, 1907, 203, 2),
(188, 1908, 266, 3),
(188, 1909, 177, 4),
(188, 1910, 225, 6),
(188, 1911, 267, 7),
(188, 1912, 186, 8),
(188, 1913, 96, 10),
(188, 1914, 107, 11),
(188, 1915, 203, 12),
(188, 1916, 310, 13),
(188, 2054, 228, 5),
(189, 1917, 243, 1),
(189, 1918, 217, 2),
(189, 1919, 297, 3),
(189, 1920, 324, 4),
(189, 1921, 217, 5),
(189, 1922, 244, 6),
(189, 1923, 241, 7),
(189, 1924, 248, 8),
(189, 1925, 282, 9),
(189, 1926, 271, 10),
(189, 1927, 262, 11),
(189, 1928, 266, 12),
(189, 1929, 282, 13),
(189, 1930, 194, 14),
(189, 1931, 279, 15),
(189, 1932, 497, 16),
(189, 1933, 71, 17),
(190, 1869, 217, 6),
(190, 1872, 170, 8),
(190, 1885, 250, 14),
(190, 1886, 304, 13),
(190, 1888, 248, 12),
(190, 1892, 208, 15),
(190, 1895, 116, 17),
(190, 1903, 123, 7),
(190, 1904, 188, 5),
(190, 1907, 203, 1),
(190, 1910, 225, 9),
(190, 1911, 267, 16),
(190, 1927, 262, 10),
(190, 1934, 232, 2),
(190, 1935, 282, 3),
(190, 1936, 187, 4),
(190, 1937, 262, 11),
(190, 1938, 310, 18),
(191, 1880, 159, 8),
(191, 1881, 73, 11),
(191, 1883, 230, 10),
(191, 1899, 129, 12),
(191, 1900, 96, 13),
(191, 1939, 319, 1),
(191, 1940, 394, 2),
(191, 1941, 424, 3),
(191, 1942, 284, 4),
(191, 1943, 196, 5),
(191, 1944, 196, 6),
(191, 1945, 77, 7),
(191, 1946, 116, 9),
(191, 1947, 174, 14),
(191, 1948, 18, 15),
(191, 1949, 23, 16),
(191, 1950, 40, 17),
(191, 1951, 244, 18),
(191, 1952, 63, 19),
(192, 1953, 305, 1),
(192, 1954, 286, 2),
(192, 1955, 395, 3),
(192, 1956, 243, 4),
(192, 1957, 189, 5),
(192, 1958, 108, 6),
(192, 1959, 363, 7),
(192, 1960, 308, 8),
(192, 1961, 260, 9),
(192, 1962, 384, 10),
(192, 1963, 228, 11),
(192, 1964, 274, 12),
(192, 1965, 600, 13),
(193, 400, 152, 3),
(193, 1873, 204, 6),
(193, 1888, 248, 5),
(193, 1903, 121, 2),
(193, 1905, 304, 10),
(193, 1907, 203, 4),
(193, 1933, 60, 1),
(193, 1966, 120, 7),
(193, 1967, 198, 8),
(193, 1968, 72, 9),
(193, 1969, 254, 11),
(193, 1970, 320, 12),
(193, 1971, 394, 13),
(194, 1972, 239, 1),
(194, 1973, 271, 2),
(194, 1974, 218, 3),
(194, 1975, 256, 4),
(194, 1976, 199, 5),
(194, 1977, 322, 6),
(194, 1978, 232, 7),
(194, 1979, 164, 8),
(194, 1980, 241, 9),
(194, 1981, 158, 10),
(194, 1982, 226, 11),
(194, 1983, 293, 12),
(194, 1984, 254, 13),
(194, 1985, 113, 14),
(194, 1986, 206, 15),
(195, 1987, 216, 1),
(195, 1988, 260, 2),
(195, 1989, 258, 3),
(195, 1990, 317, 4),
(195, 1991, 281, 5),
(195, 1992, 234, 6),
(195, 1993, 276, 7),
(195, 1994, 194, 8),
(195, 1995, 296, 9),
(195, 1996, 224, 10),
(195, 1997, 221, 11),
(195, 1998, 317, 12),
(195, 1999, 206, 13),
(195, 2000, 218, 14),
(195, 2001, 256, 15),
(195, 2002, 367, 16),
(196, 1907, 203, 12),
(196, 1919, 295, 10),
(196, 1921, 216, 7),
(196, 1927, 274, 1),
(196, 1956, 250, 11),
(196, 1973, 270, 9),
(196, 1974, 216, 4),
(196, 1975, 256, 6),
(196, 1977, 330, 3),
(196, 1987, 216, 8),
(196, 1988, 257, 13),
(196, 2003, 285, 2),
(196, 2004, 291, 5),
(196, 2005, 206, 14),
(196, 2006, 202, 15),
(196, 2007, 246, 16),
(197, 1927, 324, 18),
(197, 1972, 345, 4),
(197, 1973, 364, 6),
(197, 1974, 281, 3),
(197, 1975, 265, 10),
(197, 1977, 448, 17),
(197, 1984, 333, 11),
(197, 1985, 138, 13),
(197, 1987, 267, 2),
(197, 1988, 283, 5),
(197, 1991, 333, 12),
(197, 1992, 252, 7),
(197, 1993, 317, 14),
(197, 1996, 372, 8),
(197, 2002, 471, 15),
(197, 2003, 613, 16),
(197, 2008, 200, 9),
(197, 2009, 250, 19),
(197, 2010, 151, 20),
(197, 2896, 121, 1),
(198, 400, 154, 7),
(198, 1904, 188, 4),
(198, 1934, 232, 1),
(198, 1935, 282, 6),
(198, 2011, 181, 2),
(198, 2012, 187, 3),
(198, 2013, 77, 5),
(198, 2014, 197, 8),
(198, 2015, 162, 9),
(198, 2016, 230, 10),
(198, 2017, 107, 11),
(198, 2018, 243, 12),
(199, 1972, 253, 3),
(199, 1974, 248, 4),
(199, 1975, 274, 8),
(199, 1976, 246, 11),
(199, 1978, 300, 9),
(199, 1987, 320, 5),
(199, 1988, 257, 10),
(199, 1991, 323, 13),
(199, 1993, 313, 2),
(199, 2006, 208, 6),
(199, 2019, 89, 7),
(199, 2020, 214, 12),
(199, 2021, 305, 14),
(199, 2897, 237, 1),
(200, 1927, 294, 9),
(200, 1973, 338, 7),
(200, 1977, 326, 5),
(200, 1984, 257, 3),
(200, 1985, 234, 6),
(200, 1992, 425, 4),
(200, 1996, 452, 1),
(200, 2003, 795, 12),
(200, 2022, 209, 2),
(200, 2023, 90, 8),
(200, 2024, 211, 10),
(200, 2025, 209, 11),
(201, 2026, 281, 1),
(201, 2027, 335, 2),
(201, 2028, 278, 3),
(201, 2029, 316, 4),
(201, 2030, 213, 5),
(201, 2031, 206, 6),
(201, 2032, 320, 7),
(201, 2033, 225, 8),
(201, 2034, 260, 9),
(201, 2035, 241, 10),
(201, 2036, 206, 11),
(201, 2037, 229, 12),
(201, 2038, 310, 13),
(201, 2039, 340, 14),
(201, 2040, 302, 15),
(201, 2041, 248, 16),
(201, 2042, 242, 17),
(201, 2043, 263, 18),
(201, 2044, 247, 19),
(201, 2045, 271, 20),
(201, 2046, 173, 21),
(201, 2047, 232, 22),
(201, 2048, 326, 23),
(201, 2049, 225, 24),
(201, 2050, 226, 25),
(201, 2051, 217, 26),
(201, 2052, 367, 27),
(201, 2053, 265, 28),
(202, 2055, 185, 1),
(202, 2056, 152, 2),
(202, 2057, 191, 3),
(202, 2058, 217, 4),
(202, 2059, 173, 5),
(202, 2060, 266, 6),
(202, 2061, 178, 7),
(202, 2062, 164, 8),
(202, 2063, 200, 9),
(202, 2883, 200, 10),
(203, 2064, 55, 1),
(203, 2065, 205, 2),
(203, 2066, 190, 3),
(203, 2067, 185, 4),
(203, 2068, 219, 5),
(203, 2069, 331, 6),
(203, 2070, 258, 7),
(203, 2071, 200, 8),
(203, 2072, 233, 9),
(203, 2073, 175, 10),
(203, 2074, 196, 11),
(203, 2075, 211, 12),
(203, 2076, 430, 13),
(204, 2077, 214, 1),
(204, 2078, 257, 2),
(204, 2079, 188, 3),
(204, 2080, 61, 4),
(204, 2081, 217, 5),
(204, 2082, 211, 6),
(204, 2083, 201, 7),
(204, 2084, 197, 8),
(204, 2085, 261, 9),
(204, 2086, 209, 10),
(204, 2087, 219, 11),
(204, 2088, 8, 12),
(204, 2089, 225, 13),
(205, 2099, 214, 1),
(205, 2100, 184, 2),
(205, 2101, 213, 3),
(205, 2102, 204, 4),
(205, 2103, 222, 5),
(205, 2104, 210, 6),
(205, 2105, 263, 7),
(205, 2106, 239, 8),
(205, 2107, 233, 9),
(205, 2108, 202, 10),
(205, 2109, 235, 12),
(205, 2902, 223, 11),
(206, 2110, 227, 1),
(206, 2111, 250, 2),
(206, 2112, 239, 4),
(206, 2113, 275, 5),
(206, 2114, 226, 6),
(206, 2115, 251, 7),
(206, 2116, 232, 8),
(206, 2117, 200, 9),
(206, 2118, 245, 10),
(206, 2119, 267, 11),
(206, 2889, 184, 3),
(207, 2120, 220, 1),
(207, 2121, 231, 2),
(207, 2122, 228, 3),
(207, 2123, 220, 4),
(207, 2124, 232, 5),
(207, 2125, 196, 7),
(207, 2126, 252, 8),
(207, 2127, 251, 9),
(207, 2128, 267, 10),
(207, 2129, 544, 11),
(207, 2130, 225, 12),
(207, 2877, 242, 6),
(208, 2131, 314, 1),
(208, 2132, 222, 2),
(208, 2133, 345, 3),
(208, 2134, 310, 4),
(208, 2135, 225, 5),
(208, 2136, 263, 6),
(208, 2137, 182, 7),
(208, 2138, 222, 8),
(208, 2139, 211, 9),
(208, 2140, 455, 11),
(208, 2141, 271, 12),
(208, 2142, 260, 13),
(208, 2143, 370, 14),
(208, 2144, 304, 15),
(208, 2145, 176, 16),
(208, 2146, 226, 17),
(208, 2147, 266, 18),
(208, 2148, 345, 19),
(208, 2149, 320, 20),
(208, 2150, 496, 21),
(208, 2151, 422, 22),
(208, 2152, 285, 23),
(208, 2153, 386, 24),
(208, 2879, 298, 10),
(209, 2154, 173, 1),
(209, 2155, 270, 2),
(209, 2156, 229, 3),
(209, 2157, 230, 4),
(209, 2158, 284, 5),
(209, 2159, 265, 6),
(209, 2160, 199, 7),
(209, 2161, 249, 8),
(209, 2162, 274, 9),
(209, 2163, 223, 10),
(209, 2164, 245, 11),
(209, 2165, 201, 12),
(209, 2166, 241, 13),
(209, 2167, 200, 14),
(209, 2168, 216, 15),
(209, 2169, 238, 16),
(209, 2170, 206, 17),
(209, 2171, 197, 18),
(209, 2172, 248, 19),
(210, 2132, 214, 2),
(210, 2133, 266, 3),
(210, 2135, 212, 5),
(210, 2137, 173, 6),
(210, 2141, 236, 9),
(210, 2147, 188, 10),
(210, 2148, 248, 11),
(210, 2149, 215, 12),
(210, 2173, 233, 1),
(210, 2174, 266, 4),
(210, 2175, 216, 7),
(210, 2176, 206, 8),
(210, 2177, 271, 13),
(210, 2178, 267, 14),
(211, 2179, 258, 1),
(211, 2180, 210, 2),
(211, 2181, 230, 3),
(211, 2182, 326, 4),
(211, 2183, 237, 5),
(211, 2184, 163, 6),
(211, 2185, 238, 7),
(211, 2186, 239, 8),
(211, 2187, 235, 9),
(211, 2188, 160, 10),
(211, 2189, 234, 11),
(211, 2190, 349, 12),
(212, 2191, 219, 1),
(212, 2192, 295, 2),
(212, 2193, 136, 3),
(212, 2194, 303, 4),
(212, 2195, 337, 5),
(212, 2196, 214, 6),
(212, 2197, 161, 7),
(212, 2198, 284, 8),
(212, 2199, 243, 9),
(212, 2200, 261, 10),
(212, 2201, 217, 11),
(212, 2202, 271, 12),
(213, 2203, 239, 1),
(213, 2204, 244, 2),
(213, 2205, 214, 3),
(213, 2206, 194, 4),
(213, 2207, 179, 5),
(213, 2208, 183, 6),
(213, 2209, 153, 7),
(213, 2210, 363, 8),
(214, 2211, 412, 1),
(214, 2212, 231, 2),
(214, 2213, 299, 3),
(214, 2214, 266, 4),
(214, 2215, 152, 5),
(214, 2216, 168, 6),
(214, 2217, 242, 7),
(214, 2218, 310, 8),
(214, 2219, 415, 9),
(214, 2220, 248, 10),
(214, 2221, 322, 11),
(215, 2203, 209, 4),
(215, 2204, 216, 3),
(215, 2205, 214, 5),
(215, 2210, 331, 10),
(215, 2222, 217, 1),
(215, 2223, 171, 2),
(215, 2224, 184, 6),
(215, 2225, 245, 7),
(215, 2226, 247, 8),
(215, 2227, 277, 9),
(216, 2228, 238, 1),
(216, 2229, 110, 2),
(216, 2230, 218, 3),
(216, 2231, 151, 4),
(216, 2232, 334, 5),
(216, 2233, 270, 6),
(216, 2234, 247, 7),
(216, 2235, 157, 8),
(216, 2236, 292, 9),
(216, 2237, 185, 10),
(217, 2238, 102, 1),
(217, 2239, 118, 2),
(217, 2240, 108, 3),
(217, 2241, 88, 4),
(217, 2242, 62, 5),
(217, 2243, 67, 6),
(217, 2244, 137, 7),
(217, 2245, 149, 8),
(217, 2246, 180, 9),
(217, 2247, 134, 10),
(217, 2248, 144, 11),
(217, 2249, 158, 12),
(217, 2250, 202, 13),
(217, 2251, 179, 14),
(217, 2252, 294, 15),
(218, 2253, 257, 1),
(218, 2254, 190, 2),
(218, 2255, 206, 3),
(218, 2256, 212, 4),
(218, 2257, 264, 5),
(218, 2258, 190, 6),
(218, 2259, 198, 7),
(218, 2260, 297, 8),
(218, 2261, 282, 9),
(218, 2262, 231, 10),
(219, 2263, 36, 1),
(219, 2264, 200, 2),
(219, 2265, 237, 3),
(219, 2266, 148, 4),
(219, 2267, 219, 5),
(219, 2268, 160, 6),
(219, 2269, 174, 7),
(219, 2270, 162, 8),
(219, 2271, 187, 9),
(219, 2272, 299, 10),
(219, 2273, 168, 11),
(219, 2274, 203, 12),
(219, 2275, 147, 13),
(219, 2276, 212, 14),
(219, 2277, 123, 15),
(220, 2278, 60, 1),
(220, 2279, 216, 2),
(220, 2280, 308, 3),
(220, 2281, 220, 4),
(220, 2282, 254, 5),
(220, 2283, 254, 6),
(220, 2284, 294, 7),
(220, 2285, 241, 8),
(220, 2286, 218, 9),
(220, 2287, 158, 10),
(220, 2288, 401, 11),
(220, 2289, 217, 12),
(220, 2290, 239, 13),
(220, 2291, 905, 14),
(221, 2292, 237, 1),
(221, 2293, 319, 2),
(221, 2294, 288, 3),
(221, 2295, 253, 4),
(221, 2296, 193, 5),
(221, 2297, 263, 6),
(221, 2298, 195, 7),
(221, 2299, 317, 8),
(221, 2300, 260, 9),
(221, 2301, 279, 10),
(221, 2302, 224, 11),
(221, 2303, 268, 12),
(221, 2304, 325, 13),
(221, 2305, 194, 14),
(221, 2306, 270, 15),
(222, 2264, 233, 2),
(222, 2265, 260, 10),
(222, 2271, 229, 6),
(222, 2280, 408, 3),
(222, 2285, 224, 5),
(222, 2293, 385, 1),
(222, 2300, 307, 8),
(222, 2301, 265, 4),
(222, 2307, 356, 7),
(222, 2308, 313, 9),
(222, 2309, 239, 11),
(222, 2310, 137, 12),
(223, 2266, 224, 11),
(223, 2267, 351, 12),
(223, 2268, 330, 8),
(223, 2279, 354, 9),
(223, 2282, 304, 4),
(223, 2283, 249, 5),
(223, 2288, 364, 3),
(223, 2291, 398, 6),
(223, 2294, 304, 1),
(223, 2295, 368, 7),
(223, 2303, 329, 2),
(223, 2311, 165, 10),
(224, 2312, 225, 1),
(224, 2313, 198, 2),
(224, 2314, 336, 3),
(224, 2315, 287, 4),
(224, 2316, 299, 5),
(224, 2317, 195, 6),
(224, 2318, 348, 7),
(224, 2319, 164, 8),
(224, 2320, 192, 9),
(224, 2321, 234, 1),
(224, 2322, 250, 2),
(224, 2323, 217, 3),
(224, 2324, 229, 4),
(224, 2325, 226, 5),
(224, 2326, 222, 6),
(224, 2327, 292, 7),
(224, 2328, 222, 8),
(224, 2329, 242, 9),
(224, 2330, 220, 10),
(224, 2331, 213, 11),
(225, 2321, 244, 12),
(225, 2323, 226, 6),
(225, 2326, 223, 10),
(225, 2332, 194, 1),
(225, 2333, 265, 2),
(225, 2334, 222, 3);
INSERT INTO `piste` (`p_alb`, `p_mor`, `p_duree`, `p_num`) VALUES
(225, 2335, 242, 4),
(225, 2336, 258, 5),
(225, 2337, 266, 7),
(225, 2338, 241, 8),
(225, 2339, 278, 9),
(225, 2340, 237, 11),
(225, 2341, 177, 13),
(225, 2342, 225, 14),
(225, 2343, 296, 15),
(225, 2344, 205, 16),
(225, 2345, 207, 17),
(225, 2346, 234, 18),
(226, 2347, 258, 1),
(226, 2348, 220, 2),
(226, 2349, 211, 3),
(226, 2350, 249, 4),
(226, 2351, 204, 5),
(226, 2352, 193, 6),
(226, 2353, 283, 7),
(226, 2354, 283, 8),
(226, 2355, 200, 9),
(226, 2356, 242, 10),
(226, 2357, 282, 11),
(226, 2358, 316, 12),
(227, 2359, 166, 1),
(227, 2360, 64, 2),
(227, 2361, 112, 3),
(227, 2362, 189, 4),
(227, 2363, 60, 5),
(227, 2364, 230, 6),
(227, 2365, 60, 7),
(227, 2366, 129, 8),
(227, 2367, 293, 9),
(227, 2368, 78, 10),
(227, 2369, 148, 11),
(227, 2370, 175, 12),
(227, 2371, 151, 13),
(227, 2372, 125, 14),
(227, 2373, 168, 15),
(228, 2371, 154, 9),
(228, 2372, 126, 8),
(228, 2374, 177, 1),
(228, 2375, 218, 2),
(228, 2376, 176, 3),
(228, 2377, 249, 4),
(228, 2378, 174, 5),
(228, 2379, 232, 6),
(228, 2380, 208, 7),
(228, 2381, 155, 10),
(228, 2382, 134, 11),
(228, 2383, 170, 12),
(228, 2384, 170, 13),
(229, 2385, 273, 1),
(229, 2386, 254, 2),
(229, 2387, 273, 3),
(229, 2388, 405, 4),
(229, 2389, 329, 5),
(229, 2390, 353, 6),
(229, 2391, 172, 7),
(229, 2392, 294, 8),
(229, 2393, 228, 9),
(229, 2394, 194, 10),
(229, 2395, 245, 11),
(230, 2388, 282, 2),
(230, 2396, 158, 1),
(230, 2397, 196, 3),
(230, 2398, 415, 4),
(230, 2399, 339, 5),
(230, 2400, 186, 6),
(230, 2401, 174, 7),
(230, 2402, 240, 8),
(230, 2403, 392, 9),
(231, 2404, 351, 1),
(231, 2405, 317, 2),
(231, 2406, 265, 3),
(231, 2407, 226, 4),
(231, 2408, 263, 5),
(231, 2409, 264, 6),
(231, 2410, 205, 7),
(231, 2411, 224, 8),
(231, 2412, 188, 9),
(231, 2413, 279, 10),
(232, 2361, 110, 5),
(232, 2362, 186, 15),
(232, 2366, 126, 10),
(232, 2367, 291, 13),
(232, 2369, 144, 18),
(232, 2370, 173, 4),
(232, 2371, 149, 17),
(232, 2372, 123, 14),
(232, 2374, 175, 6),
(232, 2375, 214, 2),
(232, 2377, 245, 20),
(232, 2383, 165, 12),
(232, 2385, 270, 3),
(232, 2387, 271, 21),
(232, 2388, 402, 9),
(232, 2390, 346, 0),
(232, 2391, 170, 16),
(232, 2392, 292, 11),
(232, 2395, 236, 19),
(232, 2414, 163, 1),
(232, 2415, 228, 7),
(232, 2416, 206, 8),
(233, 2361, 110, 4),
(233, 2362, 168, 3),
(233, 2363, 51, 5),
(233, 2365, 55, 9),
(233, 2366, 122, 10),
(233, 2367, 292, 11),
(233, 2368, 73, 12),
(233, 2369, 129, 14),
(233, 2370, 160, 15),
(233, 2377, 232, 13),
(233, 2379, 209, 7),
(233, 2415, 210, 6),
(233, 2417, 146, 1),
(233, 2418, 63, 2),
(233, 2419, 244, 8),
(234, 2420, 60, 1),
(234, 2421, 167, 2),
(234, 2422, 212, 3),
(234, 2423, 268, 4),
(234, 2424, 298, 5),
(234, 2425, 193, 6),
(234, 2426, 360, 7),
(234, 2427, 236, 8),
(234, 2428, 263, 9),
(234, 2429, 183, 10),
(234, 2430, 224, 11),
(234, 2431, 417, 12),
(234, 2432, 61, 13),
(235, 2433, 172, 1),
(235, 2434, 129, 2),
(235, 2435, 150, 3),
(235, 2436, 242, 4),
(235, 2437, 110, 5),
(235, 2438, 156, 6),
(235, 2439, 237, 7),
(235, 2440, 190, 8),
(235, 2441, 187, 9),
(235, 2442, 178, 10),
(235, 2443, 175, 11),
(235, 2444, 108, 12),
(235, 2445, 118, 13),
(235, 2900, 253, 14),
(236, 2446, 212, 1),
(236, 2447, 249, 2),
(236, 2448, 206, 3),
(236, 2449, 232, 4),
(236, 2450, 139, 5),
(236, 2451, 170, 6),
(236, 2452, 132, 7),
(236, 2453, 283, 8),
(236, 2454, 184, 9),
(236, 2455, 196, 10),
(236, 2456, 206, 11),
(236, 2457, 223, 12),
(236, 2458, 184, 13),
(236, 2459, 320, 14),
(236, 2899, 451, 15),
(237, 2362, 171, 3),
(237, 2363, 142, 5),
(237, 2367, 492, 9),
(237, 2368, 67, 1),
(237, 2371, 217, 13),
(237, 2379, 218, 2),
(237, 2387, 314, 15),
(237, 2398, 158, 4),
(237, 2407, 296, 10),
(237, 2410, 236, 6),
(237, 2448, 371, 14),
(237, 2452, 178, 8),
(237, 2460, 243, 7),
(237, 2461, 138, 11),
(237, 2462, 125, 12),
(238, 2463, 124, 1),
(238, 2464, 196, 2),
(238, 2465, 233, 3),
(238, 2466, 164, 4),
(238, 2467, 178, 5),
(238, 2468, 122, 6),
(238, 2469, 168, 7),
(238, 2470, 196, 8),
(238, 2471, 262, 9),
(238, 2472, 228, 10),
(238, 2473, 196, 11),
(238, 2474, 194, 12),
(238, 2475, 165, 13),
(238, 2476, 226, 14),
(239, 2477, 152, 1),
(239, 2478, 177, 2),
(239, 2479, 154, 3),
(239, 2480, 165, 4),
(239, 2481, 216, 5),
(239, 2482, 103, 6),
(239, 2483, 206, 7),
(239, 2484, 160, 8),
(239, 2485, 376, 9),
(239, 2486, 244, 10),
(239, 2487, 109, 11),
(239, 2488, 163, 12),
(239, 2489, 217, 13),
(240, 2490, 202, 1),
(240, 2491, 194, 2),
(240, 2492, 175, 3),
(240, 2493, 127, 4),
(240, 2494, 119, 5),
(240, 2495, 210, 6),
(240, 2496, 114, 7),
(240, 2497, 240, 8),
(240, 2498, 176, 9),
(240, 2499, 163, 10),
(240, 2500, 111, 11),
(240, 2501, 219, 12),
(240, 2502, 226, 13),
(240, 2503, 371, 14),
(241, 2504, 146, 1),
(241, 2505, 156, 2),
(241, 2506, 119, 3),
(241, 2507, 137, 4),
(241, 2508, 153, 5),
(241, 2509, 200, 6),
(241, 2510, 253, 7),
(241, 2511, 191, 8),
(241, 2512, 48, 9),
(241, 2513, 129, 10),
(241, 2514, 197, 11),
(241, 2515, 135, 12),
(241, 2516, 205, 13),
(241, 2517, 161, 14),
(241, 2518, 203, 15),
(241, 2519, 217, 16),
(242, 2520, 187, 1),
(242, 2521, 240, 2),
(242, 2522, 148, 3),
(242, 2523, 189, 4),
(242, 2524, 178, 5),
(242, 2525, 217, 6),
(242, 2526, 175, 7),
(242, 2527, 329, 8),
(242, 2528, 172, 9),
(242, 2529, 164, 10),
(242, 2530, 168, 11),
(242, 2531, 220, 12),
(243, 2531, 64, 1),
(243, 2532, 256, 2),
(243, 2533, 228, 3),
(243, 2534, 132, 4),
(243, 2535, 249, 5),
(243, 2536, 128, 6),
(243, 2537, 211, 7),
(243, 2538, 201, 8),
(243, 2539, 206, 9),
(243, 2540, 177, 10),
(243, 2541, 321, 11),
(244, 344, 280, 3),
(244, 2530, 168, 1),
(244, 2542, 161, 2),
(244, 2543, 180, 4),
(244, 2544, 182, 5),
(245, 238, 265, 6),
(245, 2545, 27, 1),
(245, 2546, 256, 2),
(245, 2547, 258, 3),
(245, 2548, 49, 4),
(245, 2549, 231, 5),
(245, 2550, 248, 7),
(245, 2551, 133, 8),
(245, 2552, 170, 9),
(245, 2553, 248, 10),
(245, 2554, 271, 11),
(245, 2555, 53, 12),
(245, 2556, 245, 13),
(245, 2557, 254, 15),
(245, 2893, 220, 14),
(246, 238, 267, 15),
(246, 1327, 310, 14),
(246, 2546, 258, 16),
(246, 2558, 266, 1),
(246, 2559, 266, 2),
(246, 2560, 242, 3),
(246, 2561, 260, 4),
(246, 2562, 268, 5),
(246, 2563, 233, 6),
(246, 2564, 279, 7),
(246, 2565, 223, 8),
(246, 2566, 245, 9),
(246, 2567, 300, 10),
(246, 2568, 237, 11),
(246, 2569, 303, 12),
(246, 2570, 241, 13),
(247, 238, 276, 5),
(247, 939, 344, 14),
(247, 1327, 282, 8),
(247, 2546, 323, 6),
(247, 2558, 279, 1),
(247, 2561, 265, 2),
(247, 2563, 293, 13),
(247, 2569, 284, 10),
(247, 2571, 302, 3),
(247, 2572, 195, 4),
(247, 2573, 273, 7),
(247, 2574, 269, 9),
(247, 2575, 190, 11),
(247, 2576, 265, 12),
(247, 2577, 226, 15),
(248, 2571, 255, 6),
(248, 2573, 235, 10),
(248, 2578, 209, 1),
(248, 2579, 210, 2),
(248, 2580, 241, 3),
(248, 2581, 274, 4),
(248, 2582, 263, 5),
(248, 2583, 221, 7),
(248, 2584, 278, 8),
(248, 2585, 223, 9),
(248, 2586, 179, 11),
(248, 2587, 255, 12),
(248, 2588, 209, 13),
(248, 2589, 245, 14),
(248, 2590, 246, 15),
(249, 238, 291, 9),
(249, 1327, 324, 11),
(249, 2546, 267, 10),
(249, 2558, 266, 1),
(249, 2560, 277, 8),
(249, 2561, 273, 2),
(249, 2563, 298, 20),
(249, 2564, 288, 7),
(249, 2569, 283, 13),
(249, 2571, 293, 3),
(249, 2572, 197, 6),
(249, 2575, 195, 15),
(249, 2576, 271, 16),
(249, 2578, 218, 4),
(249, 2586, 195, 14),
(249, 2591, 159, 5),
(249, 2592, 292, 12),
(249, 2593, 208, 17),
(249, 2594, 223, 18),
(249, 2595, 64, 19),
(249, 2898, 46, 0),
(250, 238, 278, 6),
(250, 1327, 314, 4),
(250, 2563, 292, 10),
(250, 2571, 290, 8),
(250, 2596, 205, 1),
(250, 2597, 207, 2),
(250, 2598, 260, 3),
(250, 2599, 245, 5),
(250, 2600, 184, 7),
(250, 2601, 234, 9),
(250, 2602, 219, 11),
(251, 2603, 173, 1),
(251, 2604, 206, 2),
(251, 2605, 198, 3),
(251, 2606, 228, 4),
(251, 2607, 248, 5),
(251, 2608, 304, 6),
(251, 2609, 223, 7),
(251, 2610, 183, 8),
(251, 2611, 262, 9),
(251, 2612, 191, 10),
(251, 2613, 239, 11),
(251, 2614, 266, 12),
(252, 2615, 256, 1),
(252, 2616, 110, 2),
(252, 2617, 260, 3),
(252, 2618, 113, 4),
(252, 2619, 176, 5),
(252, 2620, 145, 6),
(252, 2621, 213, 7),
(252, 2622, 153, 8),
(252, 2623, 190, 9),
(252, 2624, 172, 10),
(252, 2625, 157, 11),
(252, 2626, 210, 12),
(252, 2627, 263, 13),
(253, 2628, 141, 1),
(253, 2629, 208, 2),
(253, 2630, 167, 3),
(253, 2631, 277, 4),
(253, 2632, 171, 5),
(253, 2633, 329, 6),
(253, 2634, 208, 7),
(253, 2635, 253, 8),
(253, 2636, 242, 9),
(253, 2637, 279, 10),
(253, 2638, 212, 11),
(253, 2639, 250, 12),
(253, 2640, 138, 13),
(253, 2641, 175, 14),
(253, 2642, 63, 15),
(254, 2643, 164, 1),
(254, 2644, 187, 2),
(254, 2645, 179, 3),
(254, 2646, 183, 4),
(254, 2647, 281, 5),
(254, 2648, 246, 6),
(254, 2649, 241, 7),
(254, 2650, 166, 8),
(254, 2651, 185, 9),
(254, 2652, 227, 10),
(254, 2653, 156, 11),
(254, 2654, 107, 12),
(254, 2655, 178, 13),
(255, 2656, 175, 1),
(255, 2657, 222, 2),
(255, 2658, 207, 3),
(255, 2659, 154, 4),
(255, 2660, 185, 5),
(255, 2661, 196, 6),
(255, 2662, 178, 7),
(255, 2663, 187, 8),
(255, 2664, 143, 9),
(255, 2665, 188, 10),
(255, 2666, 155, 11),
(256, 2667, 158, 1),
(256, 2668, 227, 2),
(256, 2669, 242, 3),
(256, 2670, 196, 4),
(256, 2671, 139, 5),
(256, 2672, 156, 6),
(256, 2673, 241, 7),
(256, 2674, 256, 8),
(256, 2675, 35, 9),
(256, 2676, 263, 10),
(256, 2677, 250, 11),
(256, 2678, 233, 12),
(256, 2679, 260, 13),
(257, 2680, 255, 1),
(257, 2681, 234, 2),
(257, 2682, 329, 3),
(257, 2683, 168, 4),
(257, 2684, 194, 5),
(257, 2685, 186, 6),
(257, 2686, 110, 7),
(257, 2687, 225, 8),
(257, 2688, 228, 9),
(257, 2689, 275, 10),
(257, 2690, 260, 11),
(257, 2691, 258, 12),
(257, 2692, 180, 13),
(258, 2693, 295, 1),
(258, 2694, 296, 2),
(258, 2695, 307, 3),
(258, 2696, 435, 4),
(258, 2697, 330, 5),
(258, 2698, 332, 6),
(258, 2699, 322, 7),
(258, 2700, 363, 8),
(258, 2701, 466, 9),
(258, 2702, 947, 69),
(259, 2703, 311, 1),
(259, 2704, 507, 2),
(259, 2705, 369, 3),
(259, 2706, 362, 4),
(259, 2707, 111, 5),
(259, 2708, 272, 6),
(259, 2709, 58, 7),
(259, 2710, 324, 8),
(259, 2711, 596, 9),
(259, 2712, 87, 10),
(259, 2713, 399, 11),
(259, 2714, 825, 12),
(260, 2715, 517, 1),
(260, 2716, 65, 2),
(260, 2717, 434, 3),
(260, 2718, 73, 4),
(260, 2719, 185, 6),
(260, 2720, 364, 7),
(260, 2721, 490, 8),
(260, 2722, 565, 9),
(260, 2723, 286, 10),
(260, 2724, 668, 11),
(260, 2725, 527, 12),
(260, 2726, 159, 13),
(260, 2887, 408, 5),
(261, 2727, 427, 1),
(261, 2728, 449, 2),
(261, 2729, 372, 3),
(261, 2730, 675, 4),
(261, 2731, 382, 5),
(261, 2732, 71, 6),
(261, 2733, 227, 7),
(261, 2734, 200, 7),
(261, 2735, 672, 8),
(261, 2736, 442, 9),
(261, 2737, 536, 10),
(261, 2738, 303, 11),
(262, 2739, 240, 1),
(262, 2740, 268, 2),
(262, 2741, 269, 3),
(262, 2742, 287, 4),
(262, 2743, 237, 5),
(262, 2744, 264, 6),
(262, 2745, 194, 7),
(262, 2746, 187, 8),
(262, 2747, 73, 9),
(262, 2748, 121, 10),
(262, 2749, 253, 11),
(262, 2750, 173, 12),
(263, 2751, 152, 1),
(263, 2752, 325, 2),
(263, 2753, 171, 3),
(263, 2754, 205, 4),
(263, 2755, 214, 5),
(263, 2756, 142, 6),
(263, 2757, 210, 7),
(263, 2758, 235, 8),
(263, 2759, 257, 9),
(263, 2760, 162, 10),
(264, 2761, 174, 1),
(264, 2762, 229, 2),
(264, 2763, 225, 3),
(264, 2764, 264, 4),
(264, 2765, 200, 5),
(264, 2766, 167, 6),
(264, 2767, 203, 7),
(264, 2768, 409, 8),
(264, 2769, 201, 9),
(264, 2770, 146, 10),
(265, 2771, 174, 1),
(265, 2772, 212, 2),
(265, 2773, 207, 3),
(265, 2774, 211, 4),
(265, 2775, 198, 5),
(265, 2776, 151, 6),
(265, 2777, 190, 7),
(265, 2778, 235, 8),
(265, 2779, 245, 9),
(265, 2780, 193, 10),
(266, 2781, 251, 1),
(266, 2782, 119, 2),
(266, 2783, 593, 3),
(266, 2784, 172, 4),
(266, 2785, 288, 5),
(266, 2786, 158, 6),
(266, 2787, 187, 7),
(266, 2788, 149, 8),
(266, 2789, 135, 9),
(267, 2790, 264, 1),
(267, 2791, 189, 2),
(267, 2792, 262, 3),
(267, 2793, 179, 4),
(267, 2794, 206, 5),
(267, 2795, 222, 6),
(267, 2796, 195, 7),
(267, 2797, 188, 8),
(267, 2798, 182, 9),
(267, 2799, 205, 10),
(268, 979, 189, 6),
(268, 2800, 206, 1),
(268, 2801, 144, 2),
(268, 2802, 294, 3),
(268, 2803, 257, 4),
(268, 2804, 156, 5),
(268, 2805, 170, 7),
(268, 2806, 145, 8),
(268, 2807, 289, 9),
(268, 2808, 211, 10),
(269, 2809, 186, 1),
(269, 2810, 289, 2),
(269, 2811, 264, 3),
(269, 2812, 198, 4),
(269, 2813, 265, 5),
(269, 2814, 312, 6),
(269, 2815, 248, 7),
(269, 2816, 165, 8),
(269, 2817, 154, 9),
(269, 2818, 169, 10),
(270, 2819, 245, 1),
(270, 2820, 243, 2),
(270, 2821, 259, 3),
(270, 2822, 378, 4),
(270, 2823, 176, 5),
(270, 2824, 275, 6),
(270, 2825, 259, 7),
(270, 2826, 234, 8),
(270, 2827, 242, 9),
(270, 2828, 221, 10),
(270, 2829, 195, 11),
(271, 2830, 248, 1),
(271, 2831, 215, 2),
(271, 2832, 230, 3),
(271, 2833, 293, 4),
(271, 2834, 185, 5),
(271, 2835, 247, 6),
(271, 2836, 211, 7),
(271, 2837, 213, 8),
(271, 2838, 195, 9),
(271, 2839, 222, 10),
(272, 2840, 275, 1),
(272, 2841, 299, 2),
(272, 2842, 251, 3),
(272, 2843, 285, 4),
(272, 2844, 253, 5),
(272, 2845, 285, 6),
(272, 2846, 239, 7),
(272, 2847, 281, 8),
(272, 2848, 351, 9),
(272, 2849, 312, 10),
(272, 2850, 249, 11),
(272, 2851, 235, 12),
(273, 2852, 234, 1),
(273, 2853, 269, 2),
(273, 2854, 214, 3),
(273, 2855, 321, 4),
(273, 2856, 365, 5),
(273, 2857, 255, 6),
(273, 2858, 230, 7),
(273, 2859, 298, 8),
(273, 2860, 247, 9),
(273, 2861, 228, 10),
(273, 2862, 281, 11),
(273, 2863, 313, 12),
(274, 2864, 292, 1),
(274, 2865, 240, 2),
(274, 2866, 243, 3),
(274, 2867, 156, 4),
(274, 2868, 315, 5),
(274, 2869, 170, 6),
(274, 2870, 237, 7),
(274, 2871, 157, 8),
(274, 2872, 37, 9),
(274, 2873, 321, 10),
(274, 2874, 323, 11),
(274, 2875, 257, 12),
(274, 2876, 245, 13),
(275, 2090, 279, 1),
(275, 2091, 261, 3),
(275, 2092, 277, 5),
(275, 2093, 278, 6),
(275, 2094, 312, 7),
(275, 2095, 223, 8),
(275, 2096, 330, 9),
(275, 2097, 275, 10),
(275, 2098, 222, 11),
(275, 2882, 319, 4),
(275, 2885, 229, 2);

/*!40101 SET CHARACTER_SET_CLIENT=@OLD_CHARACTER_SET_CLIENT */;
/*!40101 SET CHARACTER_SET_RESULTS=@OLD_CHARACTER_SET_RESULTS */;
/*!40101 SET COLLATION_CONNECTION=@OLD_COLLATION_CONNECTION */;

